geo,entity,date,unemp_rate
AT,Austria,1998-Q1,5.5
AT,Austria,1999-Q1,4.7
AT,Austria,1999-Q2,3.5
AT,Austria,1999-Q3,3.2
AT,Austria,1999-Q4,3.5
AT,Austria,2000-Q1,4.7
AT,Austria,2000-Q2,3.1
AT,Austria,2000-Q3,3.1
AT,Austria,2000-Q4,3.2
AT,Austria,2001-Q1,4
AT,Austria,2001-Q2,3.4
AT,Austria,2001-Q3,3.3
AT,Austria,2001-Q4,3.7
AT,Austria,2002-Q1,4.9
AT,Austria,2002-Q2,3.6
AT,Austria,2002-Q3,3.6
AT,Austria,2002-Q4,3.8
AT,Austria,2003-Q1,4.8
AT,Austria,2003-Q2,4.2
AT,Austria,2003-Q3,3.9
AT,Austria,2003-Q4,4.3
AT,Austria,2004-Q1,5.8
AT,Austria,2004-Q2,5.4
AT,Austria,2004-Q3,5.3
AT,Austria,2004-Q4,5.4
AT,Austria,2005-Q1,5.7
AT,Austria,2005-Q2,5.7
AT,Austria,2005-Q3,5.6
AT,Austria,2005-Q4,5.6
AT,Austria,2006-Q1,6
AT,Austria,2006-Q2,5.2
AT,Austria,2006-Q3,4.9
AT,Austria,2006-Q4,4.9
AT,Austria,2007-Q1,5.2
AT,Austria,2007-Q2,5
AT,Austria,2007-Q3,4.9
AT,Austria,2007-Q4,4.4
AT,Austria,2008-Q1,4.5
AT,Austria,2008-Q2,3.7
AT,Austria,2008-Q3,4
AT,Austria,2008-Q4,4.3
AT,Austria,2009-Q1,5
AT,Austria,2009-Q2,5.3
AT,Austria,2009-Q3,5.7
AT,Austria,2009-Q4,5.3
AT,Austria,2010-Q1,5.2
AT,Austria,2010-Q2,4.9
AT,Austria,2010-Q3,4.8
AT,Austria,2010-Q4,4.4
AT,Austria,2011-Q1,5.1
AT,Austria,2011-Q2,4.4
AT,Austria,2011-Q3,4
AT,Austria,2011-Q4,4.8
AT,Austria,2012-Q1,4.7
AT,Austria,2012-Q2,4.8
AT,Austria,2012-Q3,5.1
AT,Austria,2012-Q4,4.9
AT,Austria,2013-Q1,5.7
AT,Austria,2013-Q2,5
AT,Austria,2013-Q3,5.3
AT,Austria,2013-Q4,5.4
AT,Austria,2014-Q1,6
AT,Austria,2014-Q2,5.4
AT,Austria,2014-Q3,5.6
AT,Austria,2014-Q4,5.6
AT,Austria,2015-Q1,5.8
AT,Austria,2015-Q2,5.8
AT,Austria,2015-Q3,5.6
AT,Austria,2015-Q4,5.7
AT,Austria,2016-Q1,6.3
AT,Austria,2016-Q2,6.1
AT,Austria,2016-Q3,6.1
AT,Austria,2016-Q4,5.6
AT,Austria,2017-Q1,6
AT,Austria,2017-Q2,5.4
AT,Austria,2017-Q3,5.5
AT,Austria,2017-Q4,5.3
AT,Austria,2018-Q1,5.3
AT,Austria,2018-Q2,4.6
AT,Austria,2018-Q3,4.9
AT,Austria,2018-Q4,4.6
AT,Austria,2019-Q1,4.9
AT,Austria,2019-Q2,4.5
AT,Austria,2019-Q3,4.4
AT,Austria,2019-Q4,4.2
AT,Austria,2020-Q1,4.7
AT,Austria,2020-Q2,5.7
AT,Austria,2020-Q3,5.7
AT,Austria,2020-Q4,5.5
AT,Austria,2021-Q1,7.9
AT,Austria,2021-Q2,6.5
AT,Austria,2021-Q3,5.3
AT,Austria,2021-Q4,5.1
AT,Austria,2022-Q1,5.2
AT,Austria,2022-Q2,4.3
AT,Austria,2022-Q3,4.7
AT,Austria,2022-Q4,4.8
AT,Austria,2023-Q1,5.5
AT,Austria,2023-Q2,4.8
AT,Austria,2023-Q3,5.2
AT,Austria,2023-Q4,5
AT,Austria,2024-Q1,5.5
AT,Austria,2024-Q2,4.9
AT,Austria,2024-Q3,5.1
AT,Austria,2024-Q4,5.2
BA,Bosnia and Herzegovina,2021-Q1,19.1
BA,Bosnia and Herzegovina,2021-Q2,18.1
BA,Bosnia and Herzegovina,2021-Q3,16.4
BA,Bosnia and Herzegovina,2021-Q4,16.1
BA,Bosnia and Herzegovina,2022-Q1,16.7
BA,Bosnia and Herzegovina,2022-Q2,15.7
BA,Bosnia and Herzegovina,2022-Q3,14.8
BA,Bosnia and Herzegovina,2022-Q4,14.3
BA,Bosnia and Herzegovina,2023-Q1,13.3
BA,Bosnia and Herzegovina,2023-Q2,13.1
BA,Bosnia and Herzegovina,2023-Q3,13.6
BA,Bosnia and Herzegovina,2023-Q4,12.7
BA,Bosnia and Herzegovina,2024-Q1,13.5
BA,Bosnia and Herzegovina,2024-Q2,13.3
BA,Bosnia and Herzegovina,2024-Q3,12.2
BE,Belgium,1998-Q2,9.3
BE,Belgium,1999-Q1,9.1
BE,Belgium,1999-Q2,8.7
BE,Belgium,1999-Q3,8.5
BE,Belgium,1999-Q4,8
BE,Belgium,2000-Q1,7.3
BE,Belgium,2000-Q2,6.6
BE,Belgium,2000-Q3,7.2
BE,Belgium,2000-Q4,6.9
BE,Belgium,2001-Q1,6.3
BE,Belgium,2001-Q2,6.2
BE,Belgium,2001-Q3,6.5
BE,Belgium,2001-Q4,7.5
BE,Belgium,2002-Q1,7.4
BE,Belgium,2002-Q2,6.9
BE,Belgium,2002-Q3,7.6
BE,Belgium,2002-Q4,8.1
BE,Belgium,2003-Q1,8.2
BE,Belgium,2003-Q2,7.7
BE,Belgium,2003-Q3,8.3
BE,Belgium,2003-Q4,8.5
BE,Belgium,2004-Q1,8.7
BE,Belgium,2004-Q2,7.4
BE,Belgium,2004-Q3,9.1
BE,Belgium,2004-Q4,8.4
BE,Belgium,2005-Q1,8.6
BE,Belgium,2005-Q2,8.1
BE,Belgium,2005-Q3,8.7
BE,Belgium,2005-Q4,8.5
BE,Belgium,2006-Q1,8.7
BE,Belgium,2006-Q2,8.3
BE,Belgium,2006-Q3,8.1
BE,Belgium,2006-Q4,7.9
BE,Belgium,2007-Q1,8
BE,Belgium,2007-Q2,7.6
BE,Belgium,2007-Q3,7.3
BE,Belgium,2007-Q4,7.1
BE,Belgium,2008-Q1,7.1
BE,Belgium,2008-Q2,6.3
BE,Belgium,2008-Q3,7.7
BE,Belgium,2008-Q4,6.8
BE,Belgium,2009-Q1,7.9
BE,Belgium,2009-Q2,7.5
BE,Belgium,2009-Q3,8.2
BE,Belgium,2009-Q4,8.1
BE,Belgium,2010-Q1,8.6
BE,Belgium,2010-Q2,8.1
BE,Belgium,2010-Q3,8.7
BE,Belgium,2010-Q4,7.9
BE,Belgium,2011-Q1,7.2
BE,Belgium,2011-Q2,6.6
BE,Belgium,2011-Q3,7.8
BE,Belgium,2011-Q4,7.1
BE,Belgium,2012-Q1,7.2
BE,Belgium,2012-Q2,7
BE,Belgium,2012-Q3,7.7
BE,Belgium,2012-Q4,8.3
BE,Belgium,2013-Q1,8.5
BE,Belgium,2013-Q2,8.1
BE,Belgium,2013-Q3,8.7
BE,Belgium,2013-Q4,8.5
BE,Belgium,2014-Q1,8.7
BE,Belgium,2014-Q2,8.2
BE,Belgium,2014-Q3,8.7
BE,Belgium,2014-Q4,8.6
BE,Belgium,2015-Q1,8.8
BE,Belgium,2015-Q2,8.4
BE,Belgium,2015-Q3,8.2
BE,Belgium,2015-Q4,8.7
BE,Belgium,2016-Q1,8.3
BE,Belgium,2016-Q2,7.9
BE,Belgium,2016-Q3,7.9
BE,Belgium,2016-Q4,7.2
BE,Belgium,2017-Q1,7.7
BE,Belgium,2017-Q2,7
BE,Belgium,2017-Q3,7.2
BE,Belgium,2017-Q4,6.4
BE,Belgium,2018-Q1,6.2
BE,Belgium,2018-Q2,6.1
BE,Belgium,2018-Q3,5.9
BE,Belgium,2018-Q4,5.7
BE,Belgium,2019-Q1,5.6
BE,Belgium,2019-Q2,5.3
BE,Belgium,2019-Q3,5.3
BE,Belgium,2019-Q4,5.2
BE,Belgium,2020-Q1,5.1
BE,Belgium,2020-Q2,4.9
BE,Belgium,2020-Q3,6.5
BE,Belgium,2020-Q4,5.8
BE,Belgium,2021-Q1,6.7
BE,Belgium,2021-Q2,6.1
BE,Belgium,2021-Q3,6.5
BE,Belgium,2021-Q4,5.8
BE,Belgium,2022-Q1,5.3
BE,Belgium,2022-Q2,5.6
BE,Belgium,2022-Q3,5.7
BE,Belgium,2022-Q4,5.6
BE,Belgium,2023-Q1,5.6
BE,Belgium,2023-Q2,5.4
BE,Belgium,2023-Q3,5.6
BE,Belgium,2023-Q4,5.5
BE,Belgium,2024-Q1,5.7
BE,Belgium,2024-Q2,5.3
BE,Belgium,2024-Q3,5.9
BE,Belgium,2024-Q4,5.9
BG,Bulgaria,2000-Q1,18.7
BG,Bulgaria,2000-Q2,16.2
BG,Bulgaria,2000-Q3,16.3
BG,Bulgaria,2000-Q4,16.6
BG,Bulgaria,2001-Q1,22.3
BG,Bulgaria,2001-Q2,19.9
BG,Bulgaria,2001-Q3,19.1
BG,Bulgaria,2001-Q4,20
BG,Bulgaria,2002-Q1,20
BG,Bulgaria,2002-Q2,18.1
BG,Bulgaria,2002-Q3,17.6
BG,Bulgaria,2002-Q4,17.1
BG,Bulgaria,2003-Q1,15.6
BG,Bulgaria,2003-Q2,13.8
BG,Bulgaria,2003-Q3,12.7
BG,Bulgaria,2003-Q4,12.8
BG,Bulgaria,2004-Q1,13.4
BG,Bulgaria,2004-Q2,12.1
BG,Bulgaria,2004-Q3,11
BG,Bulgaria,2004-Q4,11.9
BG,Bulgaria,2005-Q1,11.4
BG,Bulgaria,2005-Q2,10
BG,Bulgaria,2005-Q3,9.2
BG,Bulgaria,2005-Q4,9.9
BG,Bulgaria,2006-Q1,9.7
BG,Bulgaria,2006-Q2,9
BG,Bulgaria,2006-Q3,8.9
BG,Bulgaria,2006-Q4,8.4
BG,Bulgaria,2007-Q1,8
BG,Bulgaria,2007-Q2,6.8
BG,Bulgaria,2007-Q3,6.6
BG,Bulgaria,2007-Q4,6.1
BG,Bulgaria,2008-Q1,6.5
BG,Bulgaria,2008-Q2,5.8
BG,Bulgaria,2008-Q3,5.1
BG,Bulgaria,2008-Q4,5
BG,Bulgaria,2009-Q1,6.4
BG,Bulgaria,2009-Q2,6.3
BG,Bulgaria,2009-Q3,6.7
BG,Bulgaria,2009-Q4,7.9
BG,Bulgaria,2010-Q1,10.2
BG,Bulgaria,2010-Q2,10
BG,Bulgaria,2010-Q3,9.6
BG,Bulgaria,2010-Q4,11.4
BG,Bulgaria,2011-Q1,12.2
BG,Bulgaria,2011-Q2,11.2
BG,Bulgaria,2011-Q3,10.3
BG,Bulgaria,2011-Q4,11.4
BG,Bulgaria,2012-Q1,12.9
BG,Bulgaria,2012-Q2,12.3
BG,Bulgaria,2012-Q3,11.5
BG,Bulgaria,2012-Q4,12.4
BG,Bulgaria,2013-Q1,13.8
BG,Bulgaria,2013-Q2,13
BG,Bulgaria,2013-Q3,12
BG,Bulgaria,2013-Q4,13.1
BG,Bulgaria,2014-Q1,13
BG,Bulgaria,2014-Q2,11.4
BG,Bulgaria,2014-Q3,10.8
BG,Bulgaria,2014-Q4,10.6
BG,Bulgaria,2015-Q1,10.6
BG,Bulgaria,2015-Q2,9.9
BG,Bulgaria,2015-Q3,8.3
BG,Bulgaria,2015-Q4,7.9
BG,Bulgaria,2016-Q1,8.6
BG,Bulgaria,2016-Q2,8.1
BG,Bulgaria,2016-Q3,7
BG,Bulgaria,2016-Q4,6.7
BG,Bulgaria,2017-Q1,6.9
BG,Bulgaria,2017-Q2,6.3
BG,Bulgaria,2017-Q3,5.9
BG,Bulgaria,2017-Q4,5.6
BG,Bulgaria,2018-Q1,5.7
BG,Bulgaria,2018-Q2,5.5
BG,Bulgaria,2018-Q3,5
BG,Bulgaria,2018-Q4,4.7
BG,Bulgaria,2019-Q1,4.9
BG,Bulgaria,2019-Q2,4.1
BG,Bulgaria,2019-Q3,3.6
BG,Bulgaria,2019-Q4,4.1
BG,Bulgaria,2020-Q1,4.5
BG,Bulgaria,2020-Q2,5.8
BG,Bulgaria,2020-Q3,4.7
BG,Bulgaria,2020-Q4,5.2
BG,Bulgaria,2021-Q1,6.2
BG,Bulgaria,2021-Q2,5.6
BG,Bulgaria,2021-Q3,4.5
BG,Bulgaria,2021-Q4,4.4
BG,Bulgaria,2022-Q1,4.8
BG,Bulgaria,2022-Q2,4.6
BG,Bulgaria,2022-Q3,3.6
BG,Bulgaria,2022-Q4,3.7
BG,Bulgaria,2023-Q1,4.4
BG,Bulgaria,2023-Q2,4.6
BG,Bulgaria,2023-Q3,4.1
BG,Bulgaria,2023-Q4,4.2
BG,Bulgaria,2024-Q1,5
BG,Bulgaria,2024-Q2,4.3
BG,Bulgaria,2024-Q3,3.6
BG,Bulgaria,2024-Q4,3.8
CH,Switzerland,1998-Q2,3.6
CH,Switzerland,1999-Q2,3.1
CH,Switzerland,2000-Q2,2.7
CH,Switzerland,2001-Q2,2.5
CH,Switzerland,2002-Q2,2.9
CH,Switzerland,2003-Q2,4.1
CH,Switzerland,2004-Q2,4.3
CH,Switzerland,2005-Q2,4.5
CH,Switzerland,2006-Q2,4
CH,Switzerland,2007-Q2,3.7
CH,Switzerland,2008-Q2,3.4
CH,Switzerland,2009-Q2,4.1
CH,Switzerland,2010-Q1,5.4
CH,Switzerland,2010-Q2,4.7
CH,Switzerland,2010-Q3,4.9
CH,Switzerland,2010-Q4,4.3
CH,Switzerland,2011-Q1,4.7
CH,Switzerland,2011-Q2,3.9
CH,Switzerland,2011-Q3,4.6
CH,Switzerland,2011-Q4,4.4
CH,Switzerland,2012-Q1,4.6
CH,Switzerland,2012-Q2,4.1
CH,Switzerland,2012-Q3,4.7
CH,Switzerland,2012-Q4,4.7
CH,Switzerland,2013-Q1,5.2
CH,Switzerland,2013-Q2,4.6
CH,Switzerland,2013-Q3,4.9
CH,Switzerland,2013-Q4,4.5
CH,Switzerland,2014-Q1,5.3
CH,Switzerland,2014-Q2,4.7
CH,Switzerland,2014-Q3,5.1
CH,Switzerland,2014-Q4,4.3
CH,Switzerland,2015-Q1,4.8
CH,Switzerland,2015-Q2,4.5
CH,Switzerland,2015-Q3,5.2
CH,Switzerland,2015-Q4,4.9
CH,Switzerland,2016-Q1,5.4
CH,Switzerland,2016-Q2,4.7
CH,Switzerland,2016-Q3,5.1
CH,Switzerland,2016-Q4,4.6
CH,Switzerland,2017-Q1,5.3
CH,Switzerland,2017-Q2,4.4
CH,Switzerland,2017-Q3,5
CH,Switzerland,2017-Q4,4.6
CH,Switzerland,2018-Q1,5.3
CH,Switzerland,2018-Q2,4.7
CH,Switzerland,2018-Q3,4.4
CH,Switzerland,2018-Q4,4.6
CH,Switzerland,2019-Q1,5
CH,Switzerland,2019-Q2,4.2
CH,Switzerland,2019-Q3,4.6
CH,Switzerland,2019-Q4,3.9
CH,Switzerland,2020-Q1,4.5
CH,Switzerland,2020-Q2,4.6
CH,Switzerland,2020-Q3,5.3
CH,Switzerland,2020-Q4,5
CH,Switzerland,2021-Q1,5.8
CH,Switzerland,2021-Q2,5
CH,Switzerland,2021-Q3,5.1
CH,Switzerland,2021-Q4,4.3
CH,Switzerland,2022-Q1,4.5
CH,Switzerland,2022-Q2,4
CH,Switzerland,2022-Q3,4.1
CH,Switzerland,2022-Q4,4
CH,Switzerland,2023-Q1,4.2
CH,Switzerland,2023-Q2,3.8
CH,Switzerland,2023-Q3,4.3
CH,Switzerland,2023-Q4,4
CH,Switzerland,2024-Q1,4.3
CH,Switzerland,2024-Q2,4
CH,Switzerland,2024-Q3,4.8
CH,Switzerland,2024-Q4,4.4
CY,Cyprus,1999-Q2,
CY,Cyprus,2000-Q2,5
CY,Cyprus,2001-Q2,4
CY,Cyprus,2002-Q2,3.3
CY,Cyprus,2003-Q2,4.2
CY,Cyprus,2004-Q2,4.4
CY,Cyprus,2004-Q3,4.8
CY,Cyprus,2004-Q4,5.1
CY,Cyprus,2005-Q1,5.5
CY,Cyprus,2005-Q2,5.4
CY,Cyprus,2005-Q3,5.2
CY,Cyprus,2005-Q4,5.2
CY,Cyprus,2006-Q1,5.9
CY,Cyprus,2006-Q2,4.1
CY,Cyprus,2006-Q3,4
CY,Cyprus,2006-Q4,4.3
CY,Cyprus,2007-Q1,4.9
CY,Cyprus,2007-Q2,3.4
CY,Cyprus,2007-Q3,4
CY,Cyprus,2007-Q4,3.5
CY,Cyprus,2008-Q1,4.6
CY,Cyprus,2008-Q2,3.2
CY,Cyprus,2008-Q3,3.6
CY,Cyprus,2008-Q4,3.4
CY,Cyprus,2009-Q1,4.7
CY,Cyprus,2009-Q2,5.3
CY,Cyprus,2009-Q3,5.5
CY,Cyprus,2009-Q4,6.1
CY,Cyprus,2010-Q1,7.4
CY,Cyprus,2010-Q2,6.5
CY,Cyprus,2010-Q3,5.8
CY,Cyprus,2010-Q4,5.5
CY,Cyprus,2011-Q1,7.5
CY,Cyprus,2011-Q2,7.3
CY,Cyprus,2011-Q3,7.8
CY,Cyprus,2011-Q4,9
CY,Cyprus,2012-Q1,11.1
CY,Cyprus,2012-Q2,11.4
CY,Cyprus,2012-Q3,12.1
CY,Cyprus,2012-Q4,12.8
CY,Cyprus,2013-Q1,15.9
CY,Cyprus,2013-Q2,15.5
CY,Cyprus,2013-Q3,16.3
CY,Cyprus,2013-Q4,16
CY,Cyprus,2014-Q1,16.9
CY,Cyprus,2014-Q2,15.5
CY,Cyprus,2014-Q3,16.1
CY,Cyprus,2014-Q4,16
CY,Cyprus,2015-Q1,17.7
CY,Cyprus,2015-Q2,14.6
CY,Cyprus,2015-Q3,14.7
CY,Cyprus,2015-Q4,12.7
CY,Cyprus,2016-Q1,14.1
CY,Cyprus,2016-Q2,12.1
CY,Cyprus,2016-Q3,13
CY,Cyprus,2016-Q4,12.9
CY,Cyprus,2017-Q1,13.6
CY,Cyprus,2017-Q2,10.7
CY,Cyprus,2017-Q3,10
CY,Cyprus,2017-Q4,10.2
CY,Cyprus,2018-Q1,10.8
CY,Cyprus,2018-Q2,7.4
CY,Cyprus,2018-Q3,7.9
CY,Cyprus,2018-Q4,7.6
CY,Cyprus,2019-Q1,8.9
CY,Cyprus,2019-Q2,6.8
CY,Cyprus,2019-Q3,6.8
CY,Cyprus,2019-Q4,6.1
CY,Cyprus,2020-Q1,7.4
CY,Cyprus,2020-Q2,7.1
CY,Cyprus,2020-Q3,8
CY,Cyprus,2020-Q4,7.9
CY,Cyprus,2021-Q1,8.4
CY,Cyprus,2021-Q2,7.9
CY,Cyprus,2021-Q3,6.4
CY,Cyprus,2021-Q4,6.1
CY,Cyprus,2022-Q1,6.3
CY,Cyprus,2022-Q2,6.3
CY,Cyprus,2022-Q3,6.1
CY,Cyprus,2022-Q4,6.4
CY,Cyprus,2023-Q1,6.7
CY,Cyprus,2023-Q2,5.7
CY,Cyprus,2023-Q3,5.5
CY,Cyprus,2023-Q4,5.5
CY,Cyprus,2024-Q1,5.8
CY,Cyprus,2024-Q2,4.7
CY,Cyprus,2024-Q3,4.5
CY,Cyprus,2024-Q4,4.6
CZ,Czechia,1998-Q1,5.9
CZ,Czechia,1998-Q2,5.9
CZ,Czechia,1998-Q3,6.8
CZ,Czechia,1998-Q4,7.3
CZ,Czechia,1999-Q1,8.5
CZ,Czechia,1999-Q2,8.5
CZ,Czechia,1999-Q3,9
CZ,Czechia,1999-Q4,9
CZ,Czechia,2000-Q1,9.6
CZ,Czechia,2000-Q2,8.8
CZ,Czechia,2000-Q3,8.6
CZ,Czechia,2000-Q4,8.4
CZ,Czechia,2001-Q1,8.5
CZ,Czechia,2001-Q2,8
CZ,Czechia,2001-Q3,8.3
CZ,Czechia,2001-Q4,7.9
CZ,Czechia,2002-Q1,7.7
CZ,Czechia,2002-Q2,7
CZ,Czechia,2002-Q3,7.3
CZ,Czechia,2002-Q4,7.3
CZ,Czechia,2003-Q1,7.6
CZ,Czechia,2003-Q2,7.6
CZ,Czechia,2003-Q3,8
CZ,Czechia,2003-Q4,8.1
CZ,Czechia,2004-Q1,8.7
CZ,Czechia,2004-Q2,8.2
CZ,Czechia,2004-Q3,8.2
CZ,Czechia,2004-Q4,8.2
CZ,Czechia,2005-Q1,8.4
CZ,Czechia,2005-Q2,7.8
CZ,Czechia,2005-Q3,7.8
CZ,Czechia,2005-Q4,7.8
CZ,Czechia,2006-Q1,8
CZ,Czechia,2006-Q2,7.1
CZ,Czechia,2006-Q3,7
CZ,Czechia,2006-Q4,6.5
CZ,Czechia,2007-Q1,6
CZ,Czechia,2007-Q2,5.3
CZ,Czechia,2007-Q3,5.1
CZ,Czechia,2007-Q4,4.9
CZ,Czechia,2008-Q1,4.7
CZ,Czechia,2008-Q2,4.2
CZ,Czechia,2008-Q3,4.3
CZ,Czechia,2008-Q4,4.4
CZ,Czechia,2009-Q1,5.8
CZ,Czechia,2009-Q2,6.3
CZ,Czechia,2009-Q3,7.3
CZ,Czechia,2009-Q4,7.3
CZ,Czechia,2010-Q1,8.1
CZ,Czechia,2010-Q2,7.1
CZ,Czechia,2010-Q3,7.1
CZ,Czechia,2010-Q4,6.9
CZ,Czechia,2011-Q1,7.2
CZ,Czechia,2011-Q2,6.7
CZ,Czechia,2011-Q3,6.5
CZ,Czechia,2011-Q4,6.4
CZ,Czechia,2012-Q1,7.1
CZ,Czechia,2012-Q2,6.7
CZ,Czechia,2012-Q3,7
CZ,Czechia,2012-Q4,7.2
CZ,Czechia,2013-Q1,7.4
CZ,Czechia,2013-Q2,6.8
CZ,Czechia,2013-Q3,7
CZ,Czechia,2013-Q4,6.7
CZ,Czechia,2014-Q1,6.8
CZ,Czechia,2014-Q2,6
CZ,Czechia,2014-Q3,5.9
CZ,Czechia,2014-Q4,5.7
CZ,Czechia,2015-Q1,6
CZ,Czechia,2015-Q2,4.9
CZ,Czechia,2015-Q3,4.8
CZ,Czechia,2015-Q4,4.5
CZ,Czechia,2016-Q1,4.4
CZ,Czechia,2016-Q2,3.9
CZ,Czechia,2016-Q3,4
CZ,Czechia,2016-Q4,3.6
CZ,Czechia,2017-Q1,3.5
CZ,Czechia,2017-Q2,3
CZ,Czechia,2017-Q3,2.8
CZ,Czechia,2017-Q4,2.4
CZ,Czechia,2018-Q1,2.4
CZ,Czechia,2018-Q2,2.2
CZ,Czechia,2018-Q3,2.3
CZ,Czechia,2018-Q4,2
CZ,Czechia,2019-Q1,2
CZ,Czechia,2019-Q2,1.9
CZ,Czechia,2019-Q3,2.1
CZ,Czechia,2019-Q4,2
CZ,Czechia,2020-Q1,2
CZ,Czechia,2020-Q2,2.4
CZ,Czechia,2020-Q3,2.9
CZ,Czechia,2020-Q4,3
CZ,Czechia,2021-Q1,3.4
CZ,Czechia,2021-Q2,3
CZ,Czechia,2021-Q3,2.7
CZ,Czechia,2021-Q4,2.2
CZ,Czechia,2022-Q1,2.3
CZ,Czechia,2022-Q2,2.2
CZ,Czechia,2022-Q3,2.2
CZ,Czechia,2022-Q4,2.2
CZ,Czechia,2023-Q1,2.6
CZ,Czechia,2023-Q2,2.6
CZ,Czechia,2023-Q3,2.6
CZ,Czechia,2023-Q4,2.6
CZ,Czechia,2024-Q1,2.8
CZ,Czechia,2024-Q2,2.5
CZ,Czechia,2024-Q3,2.6
CZ,Czechia,2024-Q4,2.5
DE,Germany,1998-Q2,9.8
DE,Germany,1999-Q2,8.9
DE,Germany,2000-Q2,7.9
DE,Germany,2001-Q2,7.8
DE,Germany,2002-Q2,8.5
DE,Germany,2003-Q2,9.8
DE,Germany,2004-Q2,10.7
DE,Germany,2005-Q1,11.5
DE,Germany,2005-Q2,11.3
DE,Germany,2005-Q3,11.1
DE,Germany,2005-Q4,10.8
DE,Germany,2006-Q1,11.3
DE,Germany,2006-Q2,10.2
DE,Germany,2006-Q3,9.8
DE,Germany,2006-Q4,9.8
DE,Germany,2007-Q1,9.5
DE,Germany,2007-Q2,8.6
DE,Germany,2007-Q3,8.4
DE,Germany,2007-Q4,8.2
DE,Germany,2008-Q1,8.2
DE,Germany,2008-Q2,7.8
DE,Germany,2008-Q3,7.1
DE,Germany,2008-Q4,7
DE,Germany,2009-Q1,8.1
DE,Germany,2009-Q2,7.8
DE,Germany,2009-Q3,7.9
DE,Germany,2009-Q4,7.3
DE,Germany,2010-Q1,7.9
DE,Germany,2010-Q2,7
DE,Germany,2010-Q3,6.6
DE,Germany,2010-Q4,6.4
DE,Germany,2011-Q1,6.6
DE,Germany,2011-Q2,5.8
DE,Germany,2011-Q3,5.7
DE,Germany,2011-Q4,5.3
DE,Germany,2012-Q1,5.8
DE,Germany,2012-Q2,5.3
DE,Germany,2012-Q3,5.3
DE,Germany,2012-Q4,5.1
DE,Germany,2013-Q1,5.8
DE,Germany,2013-Q2,5.2
DE,Germany,2013-Q3,5.1
DE,Germany,2013-Q4,5
DE,Germany,2014-Q1,5.4
DE,Germany,2014-Q2,4.9
DE,Germany,2014-Q3,4.8
DE,Germany,2014-Q4,4.8
DE,Germany,2015-Q1,5
DE,Germany,2015-Q2,4.7
DE,Germany,2015-Q3,4.4
DE,Germany,2015-Q4,4.5
DE,Germany,2016-Q1,4.5
DE,Germany,2016-Q2,4.2
DE,Germany,2016-Q3,4
DE,Germany,2016-Q4,3.8
DE,Germany,2017-Q1,4.1
DE,Germany,2017-Q2,3.8
DE,Germany,2017-Q3,3.6
DE,Germany,2017-Q4,3.5
DE,Germany,2018-Q1,3.6
DE,Germany,2018-Q2,3.5
DE,Germany,2018-Q3,3.3
DE,Germany,2018-Q4,3.2
DE,Germany,2019-Q1,3.4
DE,Germany,2019-Q2,3.1
DE,Germany,2019-Q3,3.1
DE,Germany,2019-Q4,3.1
DE,Germany,2021-Q1,4.2
DE,Germany,2021-Q2,3.7
DE,Germany,2021-Q3,3.4
DE,Germany,2021-Q4,3.3
DE,Germany,2022-Q1,3.3
DE,Germany,2022-Q2,3.1
DE,Germany,2022-Q3,3.3
DE,Germany,2022-Q4,3
DE,Germany,2023-Q1,3.1
DE,Germany,2023-Q2,3
DE,Germany,2023-Q3,3.1
DE,Germany,2023-Q4,3.1
DE,Germany,2024-Q1,3.4
DE,Germany,2024-Q2,3.4
DE,Germany,2024-Q3,3.5
DE,Germany,2024-Q4,3.3
DK,Denmark,1998-Q2,5
DK,Denmark,1999-Q1,5.6
DK,Denmark,1999-Q2,5.1
DK,Denmark,1999-Q3,5.8
DK,Denmark,1999-Q4,5.7
DK,Denmark,2000-Q1,5.3
DK,Denmark,2000-Q2,4.5
DK,Denmark,2000-Q3,4.5
DK,Denmark,2000-Q4,4.2
DK,Denmark,2001-Q1,5
DK,Denmark,2001-Q2,4.2
DK,Denmark,2001-Q3,4.7
DK,Denmark,2001-Q4,4.6
DK,Denmark,2002-Q1,4.7
DK,Denmark,2002-Q2,4.3
DK,Denmark,2002-Q3,4.8
DK,Denmark,2002-Q4,4.6
DK,Denmark,2003-Q1,5.3
DK,Denmark,2003-Q2,5.4
DK,Denmark,2003-Q3,5.5
DK,Denmark,2003-Q4,5.4
DK,Denmark,2004-Q1,6.1
DK,Denmark,2004-Q2,5.2
DK,Denmark,2004-Q3,5.7
DK,Denmark,2004-Q4,5
DK,Denmark,2005-Q1,5.7
DK,Denmark,2005-Q2,4.8
DK,Denmark,2005-Q3,4.8
DK,Denmark,2005-Q4,4
DK,Denmark,2006-Q1,4.5
DK,Denmark,2006-Q2,3.9
DK,Denmark,2006-Q3,3.7
DK,Denmark,2006-Q4,3.5
DK,Denmark,2007-Q1,4.3
DK,Denmark,2007-Q2,3.6
DK,Denmark,2007-Q3,4
DK,Denmark,2007-Q4,3.3
DK,Denmark,2008-Q1,3.7
DK,Denmark,2008-Q2,3.4
DK,Denmark,2008-Q3,3.8
DK,Denmark,2008-Q4,3.9
DK,Denmark,2009-Q1,5.7
DK,Denmark,2009-Q2,6.4
DK,Denmark,2009-Q3,6.7
DK,Denmark,2009-Q4,6.9
DK,Denmark,2010-Q1,8.3
DK,Denmark,2010-Q2,7.6
DK,Denmark,2010-Q3,7.6
DK,Denmark,2010-Q4,7.5
DK,Denmark,2011-Q1,8.5
DK,Denmark,2011-Q2,7.3
DK,Denmark,2011-Q3,7.6
DK,Denmark,2011-Q4,7.7
DK,Denmark,2012-Q1,8.3
DK,Denmark,2012-Q2,8
DK,Denmark,2012-Q3,7.8
DK,Denmark,2012-Q4,7.1
DK,Denmark,2013-Q1,8
DK,Denmark,2013-Q2,7.3
DK,Denmark,2013-Q3,7.5
DK,Denmark,2013-Q4,6.8
DK,Denmark,2014-Q1,7.5
DK,Denmark,2014-Q2,6.6
DK,Denmark,2014-Q3,7.1
DK,Denmark,2014-Q4,6.6
DK,Denmark,2015-Q1,6.7
DK,Denmark,2015-Q2,6.1
DK,Denmark,2015-Q3,6.4
DK,Denmark,2015-Q4,5.9
DK,Denmark,2016-Q1,6.4
DK,Denmark,2016-Q2,5.8
DK,Denmark,2016-Q3,6.1
DK,Denmark,2016-Q4,5.7
DK,Denmark,2017-Q1,6.5
DK,Denmark,2017-Q2,5.6
DK,Denmark,2017-Q3,6
DK,Denmark,2017-Q4,5.2
DK,Denmark,2018-Q1,5.5
DK,Denmark,2018-Q2,4.9
DK,Denmark,2018-Q3,5
DK,Denmark,2018-Q4,5.1
DK,Denmark,2019-Q1,5.5
DK,Denmark,2019-Q2,4.7
DK,Denmark,2019-Q3,5
DK,Denmark,2019-Q4,4.9
DK,Denmark,2020-Q1,5.2
DK,Denmark,2020-Q2,5.2
DK,Denmark,2020-Q3,6.4
DK,Denmark,2020-Q4,5.8
DK,Denmark,2021-Q1,6.4
DK,Denmark,2021-Q2,4.7
DK,Denmark,2021-Q3,4.9
DK,Denmark,2021-Q4,4.4
DK,Denmark,2022-Q1,4.6
DK,Denmark,2022-Q2,4
DK,Denmark,2022-Q3,4.7
DK,Denmark,2022-Q4,4.6
DK,Denmark,2023-Q1,5
DK,Denmark,2023-Q2,4.6
DK,Denmark,2023-Q3,5
DK,Denmark,2023-Q4,5.9
DK,Denmark,2024-Q1,6
DK,Denmark,2024-Q2,5.8
DK,Denmark,2024-Q3,6.5
DK,Denmark,2024-Q4,6.5
EE,Estonia,1998-Q2,9.5
EE,Estonia,1999-Q2,11.6
EE,Estonia,2000-Q1,16.1
EE,Estonia,2000-Q2,13.4
EE,Estonia,2000-Q3,14.2
EE,Estonia,2000-Q4,14.9
EE,Estonia,2001-Q1,14.1
EE,Estonia,2001-Q2,13.1
EE,Estonia,2001-Q3,12.5
EE,Estonia,2001-Q4,12.3
EE,Estonia,2002-Q1,11.9
EE,Estonia,2002-Q2,10
EE,Estonia,2002-Q3,10.6
EE,Estonia,2002-Q4,12.4
EE,Estonia,2003-Q1,11.2
EE,Estonia,2003-Q2,11.3
EE,Estonia,2003-Q3,9.7
EE,Estonia,2003-Q4,9.1
EE,Estonia,2004-Q1,10.3
EE,Estonia,2004-Q2,10.2
EE,Estonia,2004-Q3,10.5
EE,Estonia,2004-Q4,9.5
EE,Estonia,2005-Q1,9.6
EE,Estonia,2005-Q2,8.4
EE,Estonia,2005-Q3,7
EE,Estonia,2005-Q4,7.1
EE,Estonia,2006-Q1,6.6
EE,Estonia,2006-Q2,6.2
EE,Estonia,2006-Q3,5.4
EE,Estonia,2006-Q4,5.5
EE,Estonia,2007-Q1,5.3
EE,Estonia,2007-Q2,4.9
EE,Estonia,2007-Q3,4.1
EE,Estonia,2007-Q4,4.1
EE,Estonia,2008-Q1,4.1
EE,Estonia,2008-Q2,4
EE,Estonia,2008-Q3,6.2
EE,Estonia,2008-Q4,7.4
EE,Estonia,2009-Q1,11.2
EE,Estonia,2009-Q2,13.2
EE,Estonia,2009-Q3,14.4
EE,Estonia,2009-Q4,15.5
EE,Estonia,2010-Q1,19.5
EE,Estonia,2010-Q2,18.3
EE,Estonia,2010-Q3,15.4
EE,Estonia,2010-Q4,13.6
EE,Estonia,2011-Q1,14.3
EE,Estonia,2011-Q2,13
EE,Estonia,2011-Q3,10.7
EE,Estonia,2011-Q4,11.3
EE,Estonia,2012-Q1,11.3
EE,Estonia,2012-Q2,10.1
EE,Estonia,2012-Q3,9.5
EE,Estonia,2012-Q4,9.1
EE,Estonia,2013-Q1,10
EE,Estonia,2013-Q2,8
EE,Estonia,2013-Q3,7.8
EE,Estonia,2013-Q4,8.7
EE,Estonia,2014-Q1,8.5
EE,Estonia,2014-Q2,7
EE,Estonia,2014-Q3,7.5
EE,Estonia,2014-Q4,6.3
EE,Estonia,2015-Q1,6.8
EE,Estonia,2015-Q2,6.7
EE,Estonia,2015-Q3,5.5
EE,Estonia,2015-Q4,6.6
EE,Estonia,2016-Q1,6.7
EE,Estonia,2016-Q2,6.5
EE,Estonia,2016-Q3,7.6
EE,Estonia,2016-Q4,6.7
EE,Estonia,2017-Q1,5.8
EE,Estonia,2017-Q2,6.7
EE,Estonia,2017-Q3,5.2
EE,Estonia,2017-Q4,5.6
EE,Estonia,2018-Q1,6.8
EE,Estonia,2018-Q2,5.1
EE,Estonia,2018-Q3,5.2
EE,Estonia,2018-Q4,4.5
EE,Estonia,2019-Q1,4.7
EE,Estonia,2019-Q2,5.2
EE,Estonia,2019-Q3,4
EE,Estonia,2019-Q4,4.2
EE,Estonia,2020-Q1,5.1
EE,Estonia,2020-Q2,7.3
EE,Estonia,2020-Q3,7.7
EE,Estonia,2020-Q4,7.7
EE,Estonia,2021-Q1,7.1
EE,Estonia,2021-Q2,6.9
EE,Estonia,2021-Q3,5.7
EE,Estonia,2021-Q4,5.2
EE,Estonia,2022-Q1,5.5
EE,Estonia,2022-Q2,5.8
EE,Estonia,2022-Q3,5.6
EE,Estonia,2022-Q4,5.4
EE,Estonia,2023-Q1,5.3
EE,Estonia,2023-Q2,6.7
EE,Estonia,2023-Q3,7.3
EE,Estonia,2023-Q4,6.3
EE,Estonia,2024-Q1,7.8
EE,Estonia,2024-Q2,7.6
EE,Estonia,2024-Q3,7.4
EE,Estonia,2024-Q4,7.4
GR,Greece,1998-Q1,11.9
GR,Greece,1998-Q2,10.9
GR,Greece,1998-Q3,10.8
GR,Greece,1998-Q4,11.4
GR,Greece,1999-Q1,12.2
GR,Greece,1999-Q2,11.9
GR,Greece,1999-Q3,11.7
GR,Greece,1999-Q4,12.7
GR,Greece,2000-Q1,12.3
GR,Greece,2000-Q2,11.3
GR,Greece,2000-Q3,10.9
GR,Greece,2000-Q4,11
GR,Greece,2001-Q1,11.2
GR,Greece,2001-Q2,10.5
GR,Greece,2001-Q3,10.2
GR,Greece,2001-Q4,11.3
GR,Greece,2002-Q1,11.4
GR,Greece,2002-Q2,10
GR,Greece,2002-Q3,9.9
GR,Greece,2002-Q4,10.2
GR,Greece,2003-Q1,10.5
GR,Greece,2003-Q2,9.4
GR,Greece,2003-Q3,9.3
GR,Greece,2003-Q4,10
GR,Greece,2004-Q1,11.4
GR,Greece,2004-Q2,10.3
GR,Greece,2004-Q3,10.2
GR,Greece,2004-Q4,10.5
GR,Greece,2005-Q1,10.5
GR,Greece,2005-Q2,9.8
GR,Greece,2005-Q3,9.9
GR,Greece,2005-Q4,9.9
GR,Greece,2006-Q1,9.8
GR,Greece,2006-Q2,8.9
GR,Greece,2006-Q3,8.5
GR,Greece,2006-Q4,8.9
GR,Greece,2007-Q1,9.3
GR,Greece,2007-Q2,8.2
GR,Greece,2007-Q3,8
GR,Greece,2007-Q4,8.2
GR,Greece,2008-Q1,8.4
GR,Greece,2008-Q2,7.3
GR,Greece,2008-Q3,7.3
GR,Greece,2008-Q4,8.1
GR,Greece,2009-Q1,9.5
GR,Greece,2009-Q2,9.1
GR,Greece,2009-Q3,9.5
GR,Greece,2009-Q4,10.5
GR,Greece,2010-Q1,11.9
GR,Greece,2010-Q2,12
GR,Greece,2010-Q3,12.6
GR,Greece,2010-Q4,14.5
GR,Greece,2011-Q1,16.1
GR,Greece,2011-Q2,16.5
GR,Greece,2011-Q3,18
GR,Greece,2011-Q4,21
GR,Greece,2012-Q1,22.9
GR,Greece,2012-Q2,23.8
GR,Greece,2012-Q3,25
GR,Greece,2012-Q4,26.3
GR,Greece,2013-Q1,27.6
GR,Greece,2013-Q2,27.3
GR,Greece,2013-Q3,27.2
GR,Greece,2013-Q4,27.8
GR,Greece,2014-Q1,27.9
GR,Greece,2014-Q2,26.6
GR,Greece,2014-Q3,25.6
GR,Greece,2014-Q4,26.1
GR,Greece,2015-Q1,26.7
GR,Greece,2015-Q2,24.6
GR,Greece,2015-Q3,24.1
GR,Greece,2015-Q4,24.4
GR,Greece,2016-Q1,24.9
GR,Greece,2016-Q2,23.1
GR,Greece,2016-Q3,22.6
GR,Greece,2016-Q4,23.6
GR,Greece,2017-Q1,23.4
GR,Greece,2017-Q2,21.2
GR,Greece,2017-Q3,20.3
GR,Greece,2017-Q4,21.2
GR,Greece,2018-Q1,21.2
GR,Greece,2018-Q2,19
GR,Greece,2018-Q3,18.3
GR,Greece,2018-Q4,18.7
GR,Greece,2019-Q1,19.2
GR,Greece,2019-Q2,16.9
GR,Greece,2019-Q3,16.4
GR,Greece,2019-Q4,16.8
GR,Greece,2020-Q1,16.2
GR,Greece,2020-Q2,16.7
GR,Greece,2020-Q3,16.2
GR,Greece,2020-Q4,16.2
GR,Greece,2021-Q1,17.1
GR,Greece,2021-Q2,15.8
GR,Greece,2021-Q3,13
GR,Greece,2021-Q4,13.2
GR,Greece,2022-Q1,13.8
GR,Greece,2022-Q2,12.5
GR,Greece,2022-Q3,11.7
GR,Greece,2022-Q4,11.9
GR,Greece,2023-Q1,11.9
GR,Greece,2023-Q2,11.2
GR,Greece,2023-Q3,10.8
GR,Greece,2023-Q4,10.5
GR,Greece,2024-Q1,12.1
GR,Greece,2024-Q2,9.8
GR,Greece,2024-Q3,9
GR,Greece,2024-Q4,9.5
ES,Spain,1998-Q1,19.4
ES,Spain,1998-Q2,18.7
ES,Spain,1998-Q3,18.3
ES,Spain,1998-Q4,18
ES,Spain,1999-Q1,16.8
ES,Spain,1999-Q2,15.5
ES,Spain,1999-Q3,15.3
ES,Spain,1999-Q4,15.2
ES,Spain,2000-Q1,14.8
ES,Spain,2000-Q2,13.8
ES,Spain,2000-Q3,13.6
ES,Spain,2000-Q4,13.5
ES,Spain,2001-Q1,10.9
ES,Spain,2001-Q2,10.4
ES,Spain,2001-Q3,10.3
ES,Spain,2001-Q4,10.6
ES,Spain,2002-Q1,11.6
ES,Spain,2002-Q2,11.2
ES,Spain,2002-Q3,11.5
ES,Spain,2002-Q4,11.6
ES,Spain,2003-Q1,12
ES,Spain,2003-Q2,11.3
ES,Spain,2003-Q3,11.3
ES,Spain,2003-Q4,11.4
ES,Spain,2004-Q1,11.5
ES,Spain,2004-Q2,11.1
ES,Spain,2004-Q3,10.7
ES,Spain,2004-Q4,10.5
ES,Spain,2005-Q1,10.2
ES,Spain,2005-Q2,9.3
ES,Spain,2005-Q3,8.4
ES,Spain,2005-Q4,8.7
ES,Spain,2006-Q1,9
ES,Spain,2006-Q2,8.5
ES,Spain,2006-Q3,8.1
ES,Spain,2006-Q4,8.3
ES,Spain,2007-Q1,8.4
ES,Spain,2007-Q2,7.9
ES,Spain,2007-Q3,8
ES,Spain,2007-Q4,8.6
ES,Spain,2008-Q1,9.6
ES,Spain,2008-Q2,10.4
ES,Spain,2008-Q3,11.2
ES,Spain,2008-Q4,13.8
ES,Spain,2009-Q1,17.3
ES,Spain,2009-Q2,17.8
ES,Spain,2009-Q3,17.8
ES,Spain,2009-Q4,18.7
ES,Spain,2010-Q1,19.9
ES,Spain,2010-Q2,19.9
ES,Spain,2010-Q3,19.6
ES,Spain,2010-Q4,20.1
ES,Spain,2011-Q1,21.1
ES,Spain,2011-Q2,20.7
ES,Spain,2011-Q3,21.3
ES,Spain,2011-Q4,22.6
ES,Spain,2012-Q1,24.2
ES,Spain,2012-Q2,24.4
ES,Spain,2012-Q3,24.8
ES,Spain,2012-Q4,25.8
ES,Spain,2013-Q1,26.9
ES,Spain,2013-Q2,26.1
ES,Spain,2013-Q3,25.7
ES,Spain,2013-Q4,25.7
ES,Spain,2014-Q1,25.9
ES,Spain,2014-Q2,24.5
ES,Spain,2014-Q3,23.7
ES,Spain,2014-Q4,23.7
ES,Spain,2015-Q1,23.8
ES,Spain,2015-Q2,22.4
ES,Spain,2015-Q3,21.2
ES,Spain,2015-Q4,20.9
ES,Spain,2016-Q1,21
ES,Spain,2016-Q2,20
ES,Spain,2016-Q3,18.9
ES,Spain,2016-Q4,18.6
ES,Spain,2017-Q1,18.8
ES,Spain,2017-Q2,17.2
ES,Spain,2017-Q3,16.4
ES,Spain,2017-Q4,16.6
ES,Spain,2018-Q1,16.8
ES,Spain,2018-Q2,15.3
ES,Spain,2018-Q3,14.6
ES,Spain,2018-Q4,14.5
ES,Spain,2019-Q1,14.7
ES,Spain,2019-Q2,14
ES,Spain,2019-Q3,13.9
ES,Spain,2019-Q4,13.8
ES,Spain,2020-Q1,14.4
ES,Spain,2020-Q2,15.3
ES,Spain,2020-Q3,16.3
ES,Spain,2020-Q4,16.1
ES,Spain,2021-Q1,16.2
ES,Spain,2021-Q2,15.4
ES,Spain,2021-Q3,14.7
ES,Spain,2021-Q4,13.5
ES,Spain,2022-Q1,13.7
ES,Spain,2022-Q2,12.7
ES,Spain,2022-Q3,12.7
ES,Spain,2022-Q4,13
ES,Spain,2023-Q1,13.4
ES,Spain,2023-Q2,11.7
ES,Spain,2023-Q3,11.9
ES,Spain,2023-Q4,11.8
ES,Spain,2024-Q1,12.3
ES,Spain,2024-Q2,11.3
ES,Spain,2024-Q3,11.2
ES,Spain,2024-Q4,10.6
FI,Finland,1998-Q1,12.1
FI,Finland,1998-Q2,13.2
FI,Finland,1998-Q3,10.2
FI,Finland,1998-Q4,10.1
FI,Finland,1999-Q1,10.9
FI,Finland,1999-Q2,11.7
FI,Finland,1999-Q3,8.9
FI,Finland,1999-Q4,9.3
FI,Finland,2000-Q1,11
FI,Finland,2000-Q2,11.1
FI,Finland,2000-Q3,8.4
FI,Finland,2000-Q4,8.6
FI,Finland,2001-Q1,9.8
FI,Finland,2001-Q2,10.3
FI,Finland,2001-Q3,8
FI,Finland,2001-Q4,8.4
FI,Finland,2002-Q1,9.6
FI,Finland,2002-Q2,10.4
FI,Finland,2002-Q3,8
FI,Finland,2002-Q4,8.3
FI,Finland,2003-Q1,9.5
FI,Finland,2003-Q2,10.5
FI,Finland,2003-Q3,7.9
FI,Finland,2003-Q4,8.2
FI,Finland,2004-Q1,9.3
FI,Finland,2004-Q2,10.4
FI,Finland,2004-Q3,7.7
FI,Finland,2004-Q4,7.9
FI,Finland,2005-Q1,9.1
FI,Finland,2005-Q2,9.6
FI,Finland,2005-Q3,7.2
FI,Finland,2005-Q4,7.6
FI,Finland,2006-Q1,8.4
FI,Finland,2006-Q2,8.9
FI,Finland,2006-Q3,6.8
FI,Finland,2006-Q4,6.8
FI,Finland,2007-Q1,7.6
FI,Finland,2007-Q2,7.7
FI,Finland,2007-Q3,6
FI,Finland,2007-Q4,6.1
FI,Finland,2008-Q1,6.6
FI,Finland,2008-Q2,7.3
FI,Finland,2008-Q3,5.6
FI,Finland,2008-Q4,6
FI,Finland,2009-Q1,7.6
FI,Finland,2009-Q2,9.6
FI,Finland,2009-Q3,7.5
FI,Finland,2009-Q4,8.2
FI,Finland,2010-Q1,9.3
FI,Finland,2010-Q2,9.6
FI,Finland,2010-Q3,7.3
FI,Finland,2010-Q4,7.4
FI,Finland,2011-Q1,8.6
FI,Finland,2011-Q2,8.8
FI,Finland,2011-Q3,6.8
FI,Finland,2011-Q4,6.9
FI,Finland,2012-Q1,8
FI,Finland,2012-Q2,8.6
FI,Finland,2012-Q3,7.1
FI,Finland,2012-Q4,7
FI,Finland,2013-Q1,8.8
FI,Finland,2013-Q2,9.1
FI,Finland,2013-Q3,7.1
FI,Finland,2013-Q4,7.7
FI,Finland,2014-Q1,9
FI,Finland,2014-Q2,9.6
FI,Finland,2014-Q3,7.5
FI,Finland,2014-Q4,8.4
FI,Finland,2015-Q1,9.7
FI,Finland,2015-Q2,10.7
FI,Finland,2015-Q3,8.4
FI,Finland,2015-Q4,8.7
FI,Finland,2016-Q1,9.6
FI,Finland,2016-Q2,10
FI,Finland,2016-Q3,7.6
FI,Finland,2016-Q4,8
FI,Finland,2017-Q1,9.3
FI,Finland,2017-Q2,9.9
FI,Finland,2017-Q3,7.7
FI,Finland,2017-Q4,7.6
FI,Finland,2018-Q1,8.8
FI,Finland,2018-Q2,8.2
FI,Finland,2018-Q3,6.5
FI,Finland,2018-Q4,6
FI,Finland,2019-Q1,7.1
FI,Finland,2019-Q2,7.7
FI,Finland,2019-Q3,6
FI,Finland,2019-Q4,6
FI,Finland,2020-Q1,7.1
FI,Finland,2020-Q2,8.9
FI,Finland,2020-Q3,7.7
FI,Finland,2020-Q4,7.4
FI,Finland,2021-Q1,8.4
FI,Finland,2021-Q2,9
FI,Finland,2021-Q3,6.9
FI,Finland,2021-Q4,6.3
FI,Finland,2022-Q1,7
FI,Finland,2022-Q2,7.2
FI,Finland,2022-Q3,6.7
FI,Finland,2022-Q4,6.2
FI,Finland,2023-Q1,7.1
FI,Finland,2023-Q2,8
FI,Finland,2023-Q3,6.9
FI,Finland,2023-Q4,6.9
FI,Finland,2024-Q1,8.3
FI,Finland,2024-Q2,9.3
FI,Finland,2024-Q3,7.8
FI,Finland,2024-Q4,8.1
FR,France,1998-Q1,12.1
FR,France,1999-Q1,12
FR,France,2000-Q1,10.2
FR,France,2001-Q1,8.6
FR,France,2002-Q1,8.7
FR,France,2003-Q1,8.3
FR,France,2003-Q2,7.8
FR,France,2003-Q3,7.6
FR,France,2003-Q4,8.8
FR,France,2004-Q1,8.9
FR,France,2004-Q2,8.1
FR,France,2004-Q3,8
FR,France,2004-Q4,8.9
FR,France,2005-Q1,8.7
FR,France,2005-Q2,8.1
FR,France,2005-Q3,8.2
FR,France,2005-Q4,9
FR,France,2006-Q1,9.1
FR,France,2006-Q2,8.3
FR,France,2006-Q3,8.1
FR,France,2006-Q4,8.3
FR,France,2007-Q1,8.5
FR,France,2007-Q2,7.5
FR,France,2007-Q3,7.2
FR,France,2007-Q4,7.4
FR,France,2008-Q1,7.2
FR,France,2008-Q2,6.7
FR,France,2008-Q3,6.7
FR,France,2008-Q4,7.7
FR,France,2009-Q1,8.6
FR,France,2009-Q2,8.5
FR,France,2009-Q3,8.3
FR,France,2009-Q4,9.5
FR,France,2010-Q1,9.4
FR,France,2010-Q2,8.6
FR,France,2010-Q3,8.3
FR,France,2010-Q4,9.1
FR,France,2011-Q1,9.2
FR,France,2011-Q2,8.4
FR,France,2011-Q3,8.3
FR,France,2011-Q4,9.3
FR,France,2012-Q1,9.6
FR,France,2012-Q2,9
FR,France,2012-Q3,8.9
FR,France,2012-Q4,10.1
FR,France,2013-Q1,10.5
FR,France,2013-Q2,9.7
FR,France,2013-Q3,9.4
FR,France,2013-Q4,10.1
FR,France,2014-Q1,10.7
FR,France,2014-Q2,9.9
FR,France,2014-Q3,9.9
FR,France,2014-Q4,10.8
FR,France,2015-Q1,10.8
FR,France,2015-Q2,10.1
FR,France,2015-Q3,10
FR,France,2015-Q4,10.6
FR,France,2016-Q1,10.7
FR,France,2016-Q2,9.6
FR,France,2016-Q3,9.6
FR,France,2016-Q4,10.3
FR,France,2017-Q1,10
FR,France,2017-Q2,9.1
FR,France,2017-Q3,9.3
FR,France,2017-Q4,9.3
FR,France,2018-Q1,9.6
FR,France,2018-Q2,8.7
FR,France,2018-Q3,8.8
FR,France,2018-Q4,9
FR,France,2019-Q1,9
FR,France,2019-Q2,8.1
FR,France,2019-Q3,8.3
FR,France,2019-Q4,8.4
FR,France,2020-Q1,8.1
FR,France,2020-Q2,6.8
FR,France,2020-Q3,8.9
FR,France,2020-Q4,8.3
FR,France,2021-Q1,8.3
FR,France,2021-Q2,7.6
FR,France,2021-Q3,7.9
FR,France,2021-Q4,7.6
FR,France,2022-Q1,7.5
FR,France,2022-Q2,7.1
FR,France,2022-Q3,7.3
FR,France,2022-Q4,7.3
FR,France,2023-Q1,7.2
FR,France,2023-Q2,6.9
FR,France,2023-Q3,7.5
FR,France,2023-Q4,7.7
FR,France,2024-Q1,7.6
FR,France,2024-Q2,7
FR,France,2024-Q3,7.6
FR,France,2024-Q4,7.4
HR,Croatia,2002-Q1,15.1
HR,Croatia,2002-Q2,15.1
HR,Croatia,2002-Q3,14.4
HR,Croatia,2002-Q4,14.4
HR,Croatia,2003-Q1,14
HR,Croatia,2003-Q2,14
HR,Croatia,2003-Q3,14.3
HR,Croatia,2003-Q4,14.3
HR,Croatia,2004-Q1,13.7
HR,Croatia,2004-Q2,13.7
HR,Croatia,2004-Q3,13.7
HR,Croatia,2004-Q4,13.7
HR,Croatia,2005-Q1,13
HR,Croatia,2005-Q2,13
HR,Croatia,2005-Q3,12.3
HR,Croatia,2005-Q4,12.3
HR,Croatia,2006-Q1,11.8
HR,Croatia,2006-Q2,11.8
HR,Croatia,2006-Q3,10.6
HR,Croatia,2006-Q4,10.6
HR,Croatia,2007-Q1,11.4
HR,Croatia,2007-Q2,9.3
HR,Croatia,2007-Q3,8.9
HR,Croatia,2007-Q4,10.2
HR,Croatia,2008-Q1,10.3
HR,Croatia,2008-Q2,8.1
HR,Croatia,2008-Q3,7
HR,Croatia,2008-Q4,8.8
HR,Croatia,2009-Q1,9.8
HR,Croatia,2009-Q2,9
HR,Croatia,2009-Q3,8.5
HR,Croatia,2009-Q4,9.7
HR,Croatia,2010-Q1,11.3
HR,Croatia,2010-Q2,12
HR,Croatia,2010-Q3,11.2
HR,Croatia,2010-Q4,12.1
HR,Croatia,2011-Q1,14.4
HR,Croatia,2011-Q2,14.1
HR,Croatia,2011-Q3,12.7
HR,Croatia,2011-Q4,13.8
HR,Croatia,2012-Q1,16.6
HR,Croatia,2012-Q2,14.9
HR,Croatia,2012-Q3,14.8
HR,Croatia,2012-Q4,18.2
HR,Croatia,2013-Q1,18
HR,Croatia,2013-Q2,16.9
HR,Croatia,2013-Q3,16.7
HR,Croatia,2013-Q4,17.6
HR,Croatia,2014-Q1,18.8
HR,Croatia,2014-Q2,16.5
HR,Croatia,2014-Q3,15.4
HR,Croatia,2014-Q4,18.4
HR,Croatia,2015-Q1,17.9
HR,Croatia,2015-Q2,15.5
HR,Croatia,2015-Q3,15.5
HR,Croatia,2015-Q4,15.9
HR,Croatia,2016-Q1,15.3
HR,Croatia,2016-Q2,12.6
HR,Croatia,2016-Q3,10.9
HR,Croatia,2016-Q4,13.3
HR,Croatia,2017-Q1,13.9
HR,Croatia,2017-Q2,10.8
HR,Croatia,2017-Q3,8.8
HR,Croatia,2017-Q4,10.8
HR,Croatia,2018-Q1,10.3
HR,Croatia,2018-Q2,7.6
HR,Croatia,2018-Q3,7.1
HR,Croatia,2018-Q4,8.4
HR,Croatia,2019-Q1,7.5
HR,Croatia,2019-Q2,6
HR,Croatia,2019-Q3,5.5
HR,Croatia,2019-Q4,7.2
HR,Croatia,2020-Q1,6.9
HR,Croatia,2020-Q2,6.4
HR,Croatia,2020-Q3,7.2
HR,Croatia,2020-Q4,9
HR,Croatia,2021-Q1,10
HR,Croatia,2021-Q2,7.7
HR,Croatia,2021-Q3,6.1
HR,Croatia,2021-Q4,6.2
HR,Croatia,2022-Q1,7
HR,Croatia,2022-Q2,7
HR,Croatia,2022-Q3,6.5
HR,Croatia,2022-Q4,6.8
HR,Croatia,2023-Q1,7.4
HR,Croatia,2023-Q2,5.6
HR,Croatia,2023-Q3,5.5
HR,Croatia,2023-Q4,6
HR,Croatia,2024-Q1,5.6
HR,Croatia,2024-Q2,4.6
HR,Croatia,2024-Q3,5
HR,Croatia,2024-Q4,5
HU,Hungary,1998-Q2,8.9
HU,Hungary,1999-Q1,7.5
HU,Hungary,1999-Q2,6.9
HU,Hungary,1999-Q3,7
HU,Hungary,1999-Q4,6.6
HU,Hungary,2000-Q1,6.8
HU,Hungary,2000-Q2,6.6
HU,Hungary,2000-Q3,6.3
HU,Hungary,2000-Q4,6
HU,Hungary,2001-Q1,6
HU,Hungary,2001-Q2,5.7
HU,Hungary,2001-Q3,5.6
HU,Hungary,2001-Q4,5.6
HU,Hungary,2002-Q1,5.8
HU,Hungary,2002-Q2,5.6
HU,Hungary,2002-Q3,6
HU,Hungary,2002-Q4,5.9
HU,Hungary,2003-Q1,6.4
HU,Hungary,2003-Q2,5.8
HU,Hungary,2003-Q3,5.7
HU,Hungary,2003-Q4,5.5
HU,Hungary,2004-Q1,6.1
HU,Hungary,2004-Q2,5.8
HU,Hungary,2004-Q3,6.1
HU,Hungary,2004-Q4,6.3
HU,Hungary,2005-Q1,7.1
HU,Hungary,2005-Q2,7.1
HU,Hungary,2005-Q3,7.3
HU,Hungary,2005-Q4,7.3
HU,Hungary,2006-Q1,7.7
HU,Hungary,2006-Q2,7.2
HU,Hungary,2006-Q3,7.5
HU,Hungary,2006-Q4,7.5
HU,Hungary,2007-Q1,7.5
HU,Hungary,2007-Q2,7
HU,Hungary,2007-Q3,7.3
HU,Hungary,2007-Q4,7.8
HU,Hungary,2008-Q1,8
HU,Hungary,2008-Q2,7.6
HU,Hungary,2008-Q3,7.7
HU,Hungary,2008-Q4,8
HU,Hungary,2009-Q1,9.8
HU,Hungary,2009-Q2,9.6
HU,Hungary,2009-Q3,10.3
HU,Hungary,2009-Q4,10.4
HU,Hungary,2010-Q1,11.8
HU,Hungary,2010-Q2,11.2
HU,Hungary,2010-Q3,10.8
HU,Hungary,2010-Q4,10.8
HU,Hungary,2011-Q1,11.8
HU,Hungary,2011-Q2,10.9
HU,Hungary,2011-Q3,10.7
HU,Hungary,2011-Q4,10.7
HU,Hungary,2012-Q1,11.9
HU,Hungary,2012-Q2,11
HU,Hungary,2012-Q3,10.5
HU,Hungary,2012-Q4,10.6
HU,Hungary,2013-Q1,11.6
HU,Hungary,2013-Q2,10.2
HU,Hungary,2013-Q3,9.8
HU,Hungary,2013-Q4,9.1
HU,Hungary,2014-Q1,8.3
HU,Hungary,2014-Q2,8.1
HU,Hungary,2014-Q3,7.4
HU,Hungary,2014-Q4,7.1
HU,Hungary,2015-Q1,7.8
HU,Hungary,2015-Q2,6.9
HU,Hungary,2015-Q3,6.4
HU,Hungary,2015-Q4,6.2
HU,Hungary,2016-Q1,6
HU,Hungary,2016-Q2,5.1
HU,Hungary,2016-Q3,4.9
HU,Hungary,2016-Q4,4.4
HU,Hungary,2017-Q1,4.5
HU,Hungary,2017-Q2,4.3
HU,Hungary,2017-Q3,4.1
HU,Hungary,2017-Q4,3.8
HU,Hungary,2018-Q1,3.8
HU,Hungary,2018-Q2,3.5
HU,Hungary,2018-Q3,3.8
HU,Hungary,2018-Q4,3.6
HU,Hungary,2019-Q1,3.5
HU,Hungary,2019-Q2,3.4
HU,Hungary,2019-Q3,3.5
HU,Hungary,2019-Q4,3.3
HU,Hungary,2020-Q1,3.7
HU,Hungary,2020-Q2,4.6
HU,Hungary,2020-Q3,4.4
HU,Hungary,2020-Q4,4.2
HU,Hungary,2021-Q1,4.5
HU,Hungary,2021-Q2,4.1
HU,Hungary,2021-Q3,3.9
HU,Hungary,2021-Q4,3.7
HU,Hungary,2022-Q1,3.7
HU,Hungary,2022-Q2,3.2
HU,Hungary,2022-Q3,3.6
HU,Hungary,2022-Q4,3.9
HU,Hungary,2023-Q1,4
HU,Hungary,2023-Q2,3.9
HU,Hungary,2023-Q3,4
HU,Hungary,2023-Q4,4.4
HU,Hungary,2024-Q1,4.6
HU,Hungary,2024-Q2,4.3
HU,Hungary,2024-Q3,4.6
HU,Hungary,2024-Q4,4.4
IE,Ireland,1998-Q2,7.7
IE,Ireland,1999-Q2,5.8
IE,Ireland,1999-Q3,5.8
IE,Ireland,1999-Q4,5.2
IE,Ireland,2000-Q1,4.8
IE,Ireland,2000-Q2,4.3
IE,Ireland,2000-Q3,4.4
IE,Ireland,2000-Q4,3.9
IE,Ireland,2001-Q1,3.7
IE,Ireland,2001-Q2,3.7
IE,Ireland,2001-Q3,4.3
IE,Ireland,2001-Q4,4
IE,Ireland,2002-Q1,4.4
IE,Ireland,2002-Q2,4.2
IE,Ireland,2002-Q3,4.6
IE,Ireland,2002-Q4,4.6
IE,Ireland,2003-Q1,4.6
IE,Ireland,2003-Q2,4.5
IE,Ireland,2003-Q3,5.3
IE,Ireland,2003-Q4,4.6
IE,Ireland,2004-Q1,4.4
IE,Ireland,2004-Q2,4.5
IE,Ireland,2004-Q3,4.8
IE,Ireland,2004-Q4,4.4
IE,Ireland,2005-Q1,4.1
IE,Ireland,2005-Q2,4.3
IE,Ireland,2005-Q3,4.6
IE,Ireland,2005-Q4,4.4
IE,Ireland,2006-Q1,4.2
IE,Ireland,2006-Q2,4.4
IE,Ireland,2006-Q3,4.9
IE,Ireland,2006-Q4,4.2
IE,Ireland,2007-Q1,4.9
IE,Ireland,2007-Q2,5.2
IE,Ireland,2007-Q3,5.1
IE,Ireland,2007-Q4,4.9
IE,Ireland,2008-Q1,5.3
IE,Ireland,2008-Q2,6.1
IE,Ireland,2008-Q3,7.6
IE,Ireland,2008-Q4,8.1
IE,Ireland,2009-Q1,10.8
IE,Ireland,2009-Q2,12.9
IE,Ireland,2009-Q3,13.6
IE,Ireland,2009-Q4,13.3
IE,Ireland,2010-Q1,13.7
IE,Ireland,2010-Q2,14.6
IE,Ireland,2010-Q3,14.9
IE,Ireland,2010-Q4,15.1
IE,Ireland,2011-Q1,15
IE,Ireland,2011-Q2,15.3
IE,Ireland,2011-Q3,15.9
IE,Ireland,2011-Q4,15.3
IE,Ireland,2012-Q1,15.8
IE,Ireland,2012-Q2,15.9
IE,Ireland,2012-Q3,15.9
IE,Ireland,2012-Q4,14.5
IE,Ireland,2013-Q1,14.4
IE,Ireland,2013-Q2,14.7
IE,Ireland,2013-Q3,13.7
IE,Ireland,2013-Q4,12.4
IE,Ireland,2014-Q1,12.7
IE,Ireland,2014-Q2,12.5
IE,Ireland,2014-Q3,12
IE,Ireland,2014-Q4,10.5
IE,Ireland,2015-Q1,10.5
IE,Ireland,2015-Q2,10.4
IE,Ireland,2015-Q3,9.9
IE,Ireland,2015-Q4,9.1
IE,Ireland,2016-Q1,8.8
IE,Ireland,2016-Q2,9.1
IE,Ireland,2016-Q3,8.6
IE,Ireland,2016-Q4,7.2
IE,Ireland,2017-Q1,7.1
IE,Ireland,2017-Q2,6.9
IE,Ireland,2017-Q3,6.9
IE,Ireland,2017-Q4,6.1
IE,Ireland,2018-Q1,5.7
IE,Ireland,2018-Q2,6
IE,Ireland,2018-Q3,6
IE,Ireland,2018-Q4,5.4
IE,Ireland,2019-Q1,4.8
IE,Ireland,2019-Q2,5.4
IE,Ireland,2019-Q3,5.2
IE,Ireland,2019-Q4,4.5
IE,Ireland,2020-Q1,4.7
IE,Ireland,2020-Q2,5.1
IE,Ireland,2020-Q3,7.1
IE,Ireland,2020-Q4,5.7
IE,Ireland,2021-Q1,7.1
IE,Ireland,2021-Q2,7.3
IE,Ireland,2021-Q3,5.7
IE,Ireland,2021-Q4,4.9
IE,Ireland,2022-Q1,4.8
IE,Ireland,2022-Q2,4.5
IE,Ireland,2022-Q3,4.4
IE,Ireland,2022-Q4,4.1
IE,Ireland,2023-Q1,4
IE,Ireland,2023-Q2,4.4
IE,Ireland,2023-Q3,4.6
IE,Ireland,2023-Q4,4.2
IE,Ireland,2024-Q1,4.1
IE,Ireland,2024-Q2,4.6
IE,Ireland,2024-Q3,4.5
IE,Ireland,2024-Q4,4
IS,Iceland,1998-Q2,3.1
IS,Iceland,1999-Q2,2.2
IS,Iceland,2000-Q2,1.9
IS,Iceland,2001-Q2,1.9
IS,Iceland,2002-Q2,3
IS,Iceland,2003-Q1,3.9
IS,Iceland,2003-Q2,4
IS,Iceland,2003-Q3,2.6
IS,Iceland,2003-Q4,2.9
IS,Iceland,2004-Q1,3.1
IS,Iceland,2004-Q2,4
IS,Iceland,2004-Q3,2.5
IS,Iceland,2004-Q4,2.4
IS,Iceland,2005-Q1,2.9
IS,Iceland,2005-Q2,2.9
IS,Iceland,2005-Q3,1.7
IS,Iceland,2005-Q4,2.6
IS,Iceland,2006-Q1,2.3
IS,Iceland,2006-Q2,4
IS,Iceland,2006-Q3,2.5
IS,Iceland,2006-Q4,2.5
IS,Iceland,2007-Q1,1.9
IS,Iceland,2007-Q2,3.2
IS,Iceland,2007-Q3,2
IS,Iceland,2007-Q4,1.9
IS,Iceland,2008-Q1,2.2
IS,Iceland,2008-Q2,3
IS,Iceland,2008-Q3,2.5
IS,Iceland,2008-Q4,4
IS,Iceland,2009-Q1,7.1
IS,Iceland,2009-Q2,9.1
IS,Iceland,2009-Q3,6
IS,Iceland,2009-Q4,6.7
IS,Iceland,2010-Q1,7.6
IS,Iceland,2010-Q2,8.8
IS,Iceland,2010-Q3,6.5
IS,Iceland,2010-Q4,7.4
IS,Iceland,2011-Q1,7.8
IS,Iceland,2011-Q2,8.4
IS,Iceland,2011-Q3,5.9
IS,Iceland,2011-Q4,6
IS,Iceland,2012-Q1,6.9
IS,Iceland,2012-Q2,7.3
IS,Iceland,2012-Q3,5
IS,Iceland,2012-Q4,4.8
IS,Iceland,2013-Q1,5.8
IS,Iceland,2013-Q2,6.9
IS,Iceland,2013-Q3,4.3
IS,Iceland,2013-Q4,4.5
IS,Iceland,2014-Q1,5.7
IS,Iceland,2014-Q2,5.9
IS,Iceland,2014-Q3,4
IS,Iceland,2014-Q4,4.1
IS,Iceland,2015-Q1,4.2
IS,Iceland,2015-Q2,5
IS,Iceland,2015-Q3,3.5
IS,Iceland,2015-Q4,3.1
IS,Iceland,2016-Q1,3.2
IS,Iceland,2016-Q2,3.6
IS,Iceland,2016-Q3,2.6
IS,Iceland,2016-Q4,2.5
IS,Iceland,2017-Q1,2.8
IS,Iceland,2017-Q2,3.4
IS,Iceland,2017-Q3,2.2
IS,Iceland,2017-Q4,2.6
IS,Iceland,2018-Q1,2.9
IS,Iceland,2018-Q2,3.4
IS,Iceland,2018-Q3,2.2
IS,Iceland,2018-Q4,2.4
IS,Iceland,2019-Q1,3
IS,Iceland,2019-Q2,4.3
IS,Iceland,2019-Q3,3.4
IS,Iceland,2019-Q4,3.2
IS,Iceland,2020-Q1,3
IS,Iceland,2020-Q2,6.5
IS,Iceland,2020-Q3,5
IS,Iceland,2020-Q4,7.5
IS,Iceland,2021-Q1,7.7
IS,Iceland,2021-Q2,8
IS,Iceland,2021-Q3,4.1
IS,Iceland,2021-Q4,4.5
IS,Iceland,2022-Q1,4.2
IS,Iceland,2022-Q2,4.4
IS,Iceland,2022-Q3,3.4
IS,Iceland,2022-Q4,3.3
IS,Iceland,2023-Q1,3.9
IS,Iceland,2023-Q2,3.6
IS,Iceland,2023-Q3,3.3
IS,Iceland,2023-Q4,3.4
IS,Iceland,2024-Q1,4.4
IS,Iceland,2024-Q2,3.6
IS,Iceland,2024-Q3,3.1
IS,Iceland,2024-Q4,3.2
IT,Italy,1998-Q1,11.9
IT,Italy,1998-Q2,12.1
IT,Italy,1998-Q3,11.5
IT,Italy,1998-Q4,11.9
IT,Italy,1999-Q1,11.9
IT,Italy,1999-Q2,11.7
IT,Italy,1999-Q3,11.1
IT,Italy,1999-Q4,11.1
IT,Italy,2000-Q1,11.4
IT,Italy,2000-Q2,10.9
IT,Italy,2000-Q3,10.1
IT,Italy,2000-Q4,10
IT,Italy,2001-Q1,10.1
IT,Italy,2001-Q2,9.6
IT,Italy,2001-Q3,9.2
IT,Italy,2001-Q4,9.3
IT,Italy,2002-Q1,9.2
IT,Italy,2002-Q2,9.2
IT,Italy,2002-Q3,8.7
IT,Italy,2002-Q4,9
IT,Italy,2003-Q1,9.1
IT,Italy,2003-Q2,8.9
IT,Italy,2003-Q3,8.3
IT,Italy,2003-Q4,8.5
IT,Italy,2004-Q1,8.7
IT,Italy,2004-Q2,7.9
IT,Italy,2004-Q3,7.3
IT,Italy,2004-Q4,8.2
IT,Italy,2005-Q1,8.3
IT,Italy,2005-Q2,7.5
IT,Italy,2005-Q3,7.1
IT,Italy,2005-Q4,8.1
IT,Italy,2006-Q1,7.6
IT,Italy,2006-Q2,6.5
IT,Italy,2006-Q3,6.1
IT,Italy,2006-Q4,6.9
IT,Italy,2007-Q1,6.4
IT,Italy,2007-Q2,5.7
IT,Italy,2007-Q3,5.6
IT,Italy,2007-Q4,6.6
IT,Italy,2008-Q1,7.1
IT,Italy,2008-Q2,6.7
IT,Italy,2008-Q3,6.1
IT,Italy,2008-Q4,7
IT,Italy,2009-Q1,7.9
IT,Italy,2009-Q2,7.3
IT,Italy,2009-Q3,7.3
IT,Italy,2009-Q4,8.5
IT,Italy,2010-Q1,9
IT,Italy,2010-Q2,8.3
IT,Italy,2010-Q3,7.5
IT,Italy,2010-Q4,8.6
IT,Italy,2011-Q1,8.6
IT,Italy,2011-Q2,7.8
IT,Italy,2011-Q3,7.6
IT,Italy,2011-Q4,9.5
IT,Italy,2012-Q1,10.9
IT,Italy,2012-Q2,10.5
IT,Italy,2012-Q3,9.8
IT,Italy,2012-Q4,11.6
IT,Italy,2013-Q1,12.7
IT,Italy,2013-Q2,12
IT,Italy,2013-Q3,11.3
IT,Italy,2013-Q4,12.7
IT,Italy,2014-Q1,13.6
IT,Italy,2014-Q2,12.2
IT,Italy,2014-Q3,11.8
IT,Italy,2014-Q4,13.3
IT,Italy,2015-Q1,13
IT,Italy,2015-Q2,12.1
IT,Italy,2015-Q3,10.6
IT,Italy,2015-Q4,12
IT,Italy,2016-Q1,12.1
IT,Italy,2016-Q2,11.6
IT,Italy,2016-Q3,11
IT,Italy,2016-Q4,12.2
IT,Italy,2017-Q1,12.2
IT,Italy,2017-Q2,11
IT,Italy,2017-Q3,10.6
IT,Italy,2017-Q4,11.2
IT,Italy,2018-Q1,11.6
IT,Italy,2018-Q2,10.6
IT,Italy,2018-Q3,9.3
IT,Italy,2018-Q4,10.8
IT,Italy,2019-Q1,11
IT,Italy,2019-Q2,9.7
IT,Italy,2019-Q3,9.1
IT,Italy,2019-Q4,9.9
IT,Italy,2020-Q1,9.4
IT,Italy,2020-Q2,7.7
IT,Italy,2020-Q3,10.1
IT,Italy,2020-Q4,9.6
IT,Italy,2021-Q1,10.6
IT,Italy,2021-Q2,9.6
IT,Italy,2021-Q3,8.8
IT,Italy,2021-Q4,9.1
IT,Italy,2022-Q1,8.8
IT,Italy,2022-Q2,8
IT,Italy,2022-Q3,7.7
IT,Italy,2022-Q4,7.9
IT,Italy,2023-Q1,8.3
IT,Italy,2023-Q2,7.5
IT,Italy,2023-Q3,7.3
IT,Italy,2023-Q4,7.5
IT,Italy,2024-Q1,7.7
IT,Italy,2024-Q2,6.7
IT,Italy,2024-Q3,5.6
IT,Italy,2024-Q4,6.1
LT,Lithuania,1998-Q2,13.7
LT,Lithuania,1998-Q4,13.1
LT,Lithuania,1999-Q2,13.4
LT,Lithuania,1999-Q4,16
LT,Lithuania,2000-Q2,16
LT,Lithuania,2000-Q4,16.9
LT,Lithuania,2001-Q2,16.9
LT,Lithuania,2001-Q4,17.9
LT,Lithuania,2002-Q1,17.1
LT,Lithuania,2002-Q2,13
LT,Lithuania,2002-Q3,11.8
LT,Lithuania,2002-Q4,13
LT,Lithuania,2003-Q1,13.6
LT,Lithuania,2003-Q2,12.9
LT,Lithuania,2003-Q3,11.6
LT,Lithuania,2003-Q4,11.7
LT,Lithuania,2004-Q1,12.3
LT,Lithuania,2004-Q2,10.7
LT,Lithuania,2004-Q3,10.1
LT,Lithuania,2004-Q4,10.5
LT,Lithuania,2005-Q1,9.9
LT,Lithuania,2005-Q2,8.9
LT,Lithuania,2005-Q3,7.3
LT,Lithuania,2005-Q4,7.2
LT,Lithuania,2006-Q1,6.7
LT,Lithuania,2006-Q2,5.6
LT,Lithuania,2006-Q3,5.8
LT,Lithuania,2006-Q4,5.1
LT,Lithuania,2007-Q1,5.1
LT,Lithuania,2007-Q2,4.1
LT,Lithuania,2007-Q3,3.8
LT,Lithuania,2007-Q4,4
LT,Lithuania,2008-Q1,5
LT,Lithuania,2008-Q2,4.6
LT,Lithuania,2008-Q3,5.9
LT,Lithuania,2008-Q4,7.8
LT,Lithuania,2009-Q1,12.1
LT,Lithuania,2009-Q2,13.8
LT,Lithuania,2009-Q3,13.8
LT,Lithuania,2009-Q4,15.5
LT,Lithuania,2010-Q1,18.2
LT,Lithuania,2010-Q2,18.2
LT,Lithuania,2010-Q3,17.7
LT,Lithuania,2010-Q4,17.2
LT,Lithuania,2011-Q1,17.2
LT,Lithuania,2011-Q2,15.6
LT,Lithuania,2011-Q3,15
LT,Lithuania,2011-Q4,13.9
LT,Lithuania,2012-Q1,14.6
LT,Lithuania,2012-Q2,13.3
LT,Lithuania,2012-Q3,12.5
LT,Lithuania,2012-Q4,13.2
LT,Lithuania,2013-Q1,13.1
LT,Lithuania,2013-Q2,11.7
LT,Lithuania,2013-Q3,10.9
LT,Lithuania,2013-Q4,11.4
LT,Lithuania,2014-Q1,12.4
LT,Lithuania,2014-Q2,11.2
LT,Lithuania,2014-Q3,9.1
LT,Lithuania,2014-Q4,10.1
LT,Lithuania,2015-Q1,10
LT,Lithuania,2015-Q2,9.4
LT,Lithuania,2015-Q3,8.3
LT,Lithuania,2015-Q4,8.8
LT,Lithuania,2016-Q1,8.4
LT,Lithuania,2016-Q2,8
LT,Lithuania,2016-Q3,7.5
LT,Lithuania,2016-Q4,7.7
LT,Lithuania,2017-Q1,8.1
LT,Lithuania,2017-Q2,7
LT,Lithuania,2017-Q3,6.6
LT,Lithuania,2017-Q4,6.7
LT,Lithuania,2018-Q1,7.2
LT,Lithuania,2018-Q2,5.9
LT,Lithuania,2018-Q3,5.6
LT,Lithuania,2018-Q4,6
LT,Lithuania,2019-Q1,6.5
LT,Lithuania,2019-Q2,6.2
LT,Lithuania,2019-Q3,6.1
LT,Lithuania,2019-Q4,6.4
LT,Lithuania,2020-Q1,7.2
LT,Lithuania,2020-Q2,8.6
LT,Lithuania,2020-Q3,9.3
LT,Lithuania,2020-Q4,9.1
LT,Lithuania,2021-Q1,7.5
LT,Lithuania,2021-Q2,7.4
LT,Lithuania,2021-Q3,6.7
LT,Lithuania,2021-Q4,7
LT,Lithuania,2022-Q1,6.4
LT,Lithuania,2022-Q2,5.3
LT,Lithuania,2022-Q3,5.9
LT,Lithuania,2022-Q4,6.4
LT,Lithuania,2023-Q1,7.8
LT,Lithuania,2023-Q2,6
LT,Lithuania,2023-Q3,6.2
LT,Lithuania,2023-Q4,7.5
LT,Lithuania,2024-Q1,8.2
LT,Lithuania,2024-Q2,7
LT,Lithuania,2024-Q3,6.8
LT,Lithuania,2024-Q4,6.5
LU,Luxembourg,1998-Q2,2.8
LU,Luxembourg,1999-Q2,2.4
LU,Luxembourg,2000-Q2,2.3
LU,Luxembourg,2001-Q2,1.8
LU,Luxembourg,2002-Q2,2.6
LU,Luxembourg,2003-Q1,3.7
LU,Luxembourg,2003-Q2,3.7
LU,Luxembourg,2003-Q3,3.7
LU,Luxembourg,2003-Q4,3.7
LU,Luxembourg,2004-Q1,5.1
LU,Luxembourg,2004-Q2,5.1
LU,Luxembourg,2004-Q3,5.1
LU,Luxembourg,2004-Q4,5.1
LU,Luxembourg,2005-Q1,4.5
LU,Luxembourg,2005-Q2,4.5
LU,Luxembourg,2005-Q3,4.5
LU,Luxembourg,2005-Q4,4.5
LU,Luxembourg,2006-Q1,4.7
LU,Luxembourg,2006-Q2,4.7
LU,Luxembourg,2006-Q3,4.7
LU,Luxembourg,2006-Q4,4.7
LU,Luxembourg,2007-Q1,4.6
LU,Luxembourg,2007-Q2,3.9
LU,Luxembourg,2007-Q3,4
LU,Luxembourg,2007-Q4,3.8
LU,Luxembourg,2008-Q1,4.3
LU,Luxembourg,2008-Q2,5
LU,Luxembourg,2008-Q3,5.5
LU,Luxembourg,2008-Q4,5.4
LU,Luxembourg,2009-Q1,5.8
LU,Luxembourg,2009-Q2,5.1
LU,Luxembourg,2009-Q3,4.4
LU,Luxembourg,2009-Q4,5.3
LU,Luxembourg,2010-Q1,4.9
LU,Luxembourg,2010-Q2,4.1
LU,Luxembourg,2010-Q3,3.9
LU,Luxembourg,2010-Q4,4.5
LU,Luxembourg,2011-Q1,5.2
LU,Luxembourg,2011-Q2,5.4
LU,Luxembourg,2011-Q3,4.4
LU,Luxembourg,2011-Q4,4.7
LU,Luxembourg,2012-Q1,5.9
LU,Luxembourg,2012-Q2,4
LU,Luxembourg,2012-Q3,5.7
LU,Luxembourg,2012-Q4,5
LU,Luxembourg,2013-Q1,5.4
LU,Luxembourg,2013-Q2,6.2
LU,Luxembourg,2013-Q3,5.6
LU,Luxembourg,2013-Q4,6.2
LU,Luxembourg,2014-Q1,6.5
LU,Luxembourg,2014-Q2,5
LU,Luxembourg,2014-Q3,6.4
LU,Luxembourg,2014-Q4,5.5
LU,Luxembourg,2015-Q1,7.3
LU,Luxembourg,2015-Q2,5.4
LU,Luxembourg,2015-Q3,7.7
LU,Luxembourg,2015-Q4,6.3
LU,Luxembourg,2016-Q1,5.9
LU,Luxembourg,2016-Q2,6.2
LU,Luxembourg,2016-Q3,7.1
LU,Luxembourg,2016-Q4,5.9
LU,Luxembourg,2017-Q1,6.1
LU,Luxembourg,2017-Q2,5.3
LU,Luxembourg,2017-Q3,5.5
LU,Luxembourg,2017-Q4,5.2
LU,Luxembourg,2018-Q1,5.5
LU,Luxembourg,2018-Q2,5.5
LU,Luxembourg,2018-Q3,6.1
LU,Luxembourg,2018-Q4,5.3
LU,Luxembourg,2019-Q1,5.4
LU,Luxembourg,2019-Q2,5.3
LU,Luxembourg,2019-Q3,5.9
LU,Luxembourg,2019-Q4,5.8
LU,Luxembourg,2020-Q1,6.3
LU,Luxembourg,2020-Q2,6.4
LU,Luxembourg,2020-Q3,7.9
LU,Luxembourg,2020-Q4,6.6
LU,Luxembourg,2021-Q1,5.5
LU,Luxembourg,2021-Q2,5.6
LU,Luxembourg,2021-Q3,5.5
LU,Luxembourg,2021-Q4,4.3
LU,Luxembourg,2022-Q1,4.1
LU,Luxembourg,2022-Q2,4.5
LU,Luxembourg,2022-Q3,5.2
LU,Luxembourg,2022-Q4,4.6
LU,Luxembourg,2023-Q1,4.9
LU,Luxembourg,2023-Q2,4.9
LU,Luxembourg,2023-Q3,5.5
LU,Luxembourg,2023-Q4,5.5
LU,Luxembourg,2024-Q1,5.7
LU,Luxembourg,2024-Q2,6.3
LU,Luxembourg,2024-Q3,6.9
LU,Luxembourg,2024-Q4,6.8
LV,Latvia,1998-Q2,14.5
LV,Latvia,1998-Q4,13.5
LV,Latvia,1999-Q2,13.8
LV,Latvia,1999-Q4,14.4
LV,Latvia,2000-Q2,14.2
LV,Latvia,2000-Q4,14.3
LV,Latvia,2001-Q2,13.9
LV,Latvia,2001-Q4,13.5
LV,Latvia,2002-Q1,13.2
LV,Latvia,2002-Q2,13.8
LV,Latvia,2002-Q3,10.9
LV,Latvia,2002-Q4,12
LV,Latvia,2003-Q1,11.8
LV,Latvia,2003-Q2,12.1
LV,Latvia,2003-Q3,11.8
LV,Latvia,2003-Q4,10.9
LV,Latvia,2004-Q1,12.3
LV,Latvia,2004-Q2,11.7
LV,Latvia,2004-Q3,11.2
LV,Latvia,2004-Q4,11.8
LV,Latvia,2005-Q1,11.6
LV,Latvia,2005-Q2,10.4
LV,Latvia,2005-Q3,9.5
LV,Latvia,2005-Q4,8.7
LV,Latvia,2006-Q1,8.6
LV,Latvia,2006-Q2,7.2
LV,Latvia,2006-Q3,6
LV,Latvia,2006-Q4,6.4
LV,Latvia,2007-Q1,7.1
LV,Latvia,2007-Q2,6.3
LV,Latvia,2007-Q3,5.6
LV,Latvia,2007-Q4,5.3
LV,Latvia,2008-Q1,6.7
LV,Latvia,2008-Q2,6.6
LV,Latvia,2008-Q3,7.4
LV,Latvia,2008-Q4,10.2
LV,Latvia,2009-Q1,14.2
LV,Latvia,2009-Q2,17.2
LV,Latvia,2009-Q3,18.8
LV,Latvia,2009-Q4,19.9
LV,Latvia,2010-Q1,21.3
LV,Latvia,2010-Q2,20.4
LV,Latvia,2010-Q3,18.5
LV,Latvia,2010-Q4,17.8
LV,Latvia,2011-Q1,17.6
LV,Latvia,2011-Q2,17.1
LV,Latvia,2011-Q3,15.1
LV,Latvia,2011-Q4,15
LV,Latvia,2012-Q1,16.3
LV,Latvia,2012-Q2,16.3
LV,Latvia,2012-Q3,13.7
LV,Latvia,2012-Q4,13.9
LV,Latvia,2013-Q1,13
LV,Latvia,2013-Q2,11.4
LV,Latvia,2013-Q3,11.8
LV,Latvia,2013-Q4,11.3
LV,Latvia,2014-Q1,11.9
LV,Latvia,2014-Q2,10.7
LV,Latvia,2014-Q3,10.6
LV,Latvia,2014-Q4,10.2
LV,Latvia,2015-Q1,10.2
LV,Latvia,2015-Q2,9.8
LV,Latvia,2015-Q3,9.7
LV,Latvia,2015-Q4,9.8
LV,Latvia,2016-Q1,10.3
LV,Latvia,2016-Q2,9.5
LV,Latvia,2016-Q3,9.5
LV,Latvia,2016-Q4,9.3
LV,Latvia,2017-Q1,9.4
LV,Latvia,2017-Q2,8.9
LV,Latvia,2017-Q3,8.5
LV,Latvia,2017-Q4,8.1
LV,Latvia,2018-Q1,8.2
LV,Latvia,2018-Q2,7.7
LV,Latvia,2018-Q3,7
LV,Latvia,2018-Q4,6.9
LV,Latvia,2019-Q1,6.9
LV,Latvia,2019-Q2,6.4
LV,Latvia,2019-Q3,6
LV,Latvia,2019-Q4,6
LV,Latvia,2020-Q1,7.6
LV,Latvia,2020-Q2,8.6
LV,Latvia,2020-Q3,8.4
LV,Latvia,2020-Q4,7.9
LV,Latvia,2021-Q1,8.1
LV,Latvia,2021-Q2,7.9
LV,Latvia,2021-Q3,7.2
LV,Latvia,2021-Q4,7.1
LV,Latvia,2022-Q1,7.3
LV,Latvia,2022-Q2,6.6
LV,Latvia,2022-Q3,6.9
LV,Latvia,2022-Q4,6.7
LV,Latvia,2023-Q1,6.4
LV,Latvia,2023-Q2,6.4
LV,Latvia,2023-Q3,6.5
LV,Latvia,2023-Q4,6.8
LV,Latvia,2024-Q1,7.2
LV,Latvia,2024-Q2,6.9
LV,Latvia,2024-Q3,6.7
LV,Latvia,2024-Q4,6.9
ME,Montenegro,2011-Q1,21.2
ME,Montenegro,2011-Q2,19.9
ME,Montenegro,2011-Q3,19.5
ME,Montenegro,2011-Q4,18.1
ME,Montenegro,2012-Q1,20.8
ME,Montenegro,2012-Q2,20
ME,Montenegro,2012-Q3,18.6
ME,Montenegro,2012-Q4,20.6
ME,Montenegro,2013-Q1,21.5
ME,Montenegro,2013-Q2,19.2
ME,Montenegro,2013-Q3,17.8
ME,Montenegro,2013-Q4,19.5
ME,Montenegro,2014-Q1,19.1
ME,Montenegro,2014-Q2,18.5
ME,Montenegro,2014-Q3,16.4
ME,Montenegro,2014-Q4,18.1
ME,Montenegro,2015-Q1,18.2
ME,Montenegro,2015-Q2,17.7
ME,Montenegro,2015-Q3,16.5
ME,Montenegro,2015-Q4,17.9
ME,Montenegro,2016-Q1,19.1
ME,Montenegro,2016-Q2,17.5
ME,Montenegro,2016-Q3,16.9
ME,Montenegro,2016-Q4,17.6
ME,Montenegro,2017-Q1,17.4
ME,Montenegro,2017-Q2,15.1
ME,Montenegro,2017-Q3,14.9
ME,Montenegro,2017-Q4,17.1
ME,Montenegro,2018-Q1,16.2
ME,Montenegro,2018-Q2,14.4
ME,Montenegro,2018-Q3,14.2
ME,Montenegro,2018-Q4,16.1
ME,Montenegro,2019-Q1,15.1
ME,Montenegro,2019-Q2,14.4
ME,Montenegro,2019-Q3,15.3
ME,Montenegro,2019-Q4,15.9
ME,Montenegro,2020-Q1,16.4
ME,Montenegro,2020-Q2,15.3
ME,Montenegro,2020-Q3,19
ME,Montenegro,2020-Q4,21.2
MK,North Macedonia,2006-Q1,36.3
MK,North Macedonia,2006-Q2,36.1
MK,North Macedonia,2006-Q3,35.9
MK,North Macedonia,2006-Q4,36
MK,North Macedonia,2007-Q1,35.8
MK,North Macedonia,2007-Q2,35
MK,North Macedonia,2007-Q3,34.2
MK,North Macedonia,2007-Q4,34.8
MK,North Macedonia,2008-Q1,34.8
MK,North Macedonia,2008-Q2,33.9
MK,North Macedonia,2008-Q3,33
MK,North Macedonia,2008-Q4,33.5
MK,North Macedonia,2009-Q1,32.8
MK,North Macedonia,2009-Q2,31.9
MK,North Macedonia,2009-Q3,31.7
MK,North Macedonia,2009-Q4,32.4
MK,North Macedonia,2010-Q1,33.5
MK,North Macedonia,2010-Q2,32.1
MK,North Macedonia,2010-Q3,31.7
MK,North Macedonia,2010-Q4,31
MK,North Macedonia,2011-Q1,31.2
MK,North Macedonia,2011-Q2,31.4
MK,North Macedonia,2011-Q3,31.2
MK,North Macedonia,2011-Q4,31.8
MK,North Macedonia,2012-Q1,31.6
MK,North Macedonia,2012-Q2,31.3
MK,North Macedonia,2012-Q3,30.7
MK,North Macedonia,2012-Q4,30.6
MK,North Macedonia,2013-Q1,29.9
MK,North Macedonia,2013-Q2,28.8
MK,North Macedonia,2013-Q3,28.7
MK,North Macedonia,2013-Q4,28.7
MK,North Macedonia,2014-Q1,28.4
MK,North Macedonia,2014-Q2,28.2
MK,North Macedonia,2014-Q3,27.9
MK,North Macedonia,2014-Q4,27.6
MK,North Macedonia,2015-Q1,27.4
MK,North Macedonia,2015-Q2,26.9
MK,North Macedonia,2015-Q3,25.5
MK,North Macedonia,2015-Q4,24.7
MK,North Macedonia,2016-Q1,24.5
MK,North Macedonia,2016-Q2,24
MK,North Macedonia,2016-Q3,23.4
MK,North Macedonia,2016-Q4,23.1
MK,North Macedonia,2017-Q1,23
MK,North Macedonia,2017-Q2,22.6
MK,North Macedonia,2017-Q3,22.1
MK,North Macedonia,2017-Q4,21.9
MK,North Macedonia,2018-Q1,21.6
MK,North Macedonia,2018-Q2,21.2
MK,North Macedonia,2018-Q3,20.8
MK,North Macedonia,2018-Q4,19.4
MK,North Macedonia,2019-Q1,17.9
MK,North Macedonia,2019-Q2,17.5
MK,North Macedonia,2019-Q3,17.1
MK,North Macedonia,2019-Q4,16.6
MK,North Macedonia,2020-Q1,16.2
MK,North Macedonia,2020-Q2,16.8
MK,North Macedonia,2020-Q3,16.5
MK,North Macedonia,2020-Q4,16.2
MT,Malta,2000-Q2,6.3
MT,Malta,2001-Q2,7.1
MT,Malta,2002-Q1,7.5
MT,Malta,2002-Q2,6.9
MT,Malta,2002-Q3,6.4
MT,Malta,2002-Q4,6.8
MT,Malta,2003-Q1,6.6
MT,Malta,2003-Q2,7.5
MT,Malta,2003-Q3,8.3
MT,Malta,2003-Q4,7.9
MT,Malta,2004-Q1,7.2
MT,Malta,2004-Q2,7.3
MT,Malta,2004-Q3,7.3
MT,Malta,2004-Q4,6.9
MT,Malta,2005-Q1,6.8
MT,Malta,2005-Q2,7.3
MT,Malta,2005-Q3,6.5
MT,Malta,2005-Q4,7.1
MT,Malta,2006-Q1,7.3
MT,Malta,2006-Q2,7.1
MT,Malta,2006-Q3,6.5
MT,Malta,2006-Q4,6.4
MT,Malta,2007-Q1,7.2
MT,Malta,2007-Q2,6.4
MT,Malta,2007-Q3,6.3
MT,Malta,2007-Q4,6
MT,Malta,2008-Q1,6
MT,Malta,2008-Q2,5.9
MT,Malta,2008-Q3,5.9
MT,Malta,2008-Q4,6.2
MT,Malta,2009-Q1,6.5
MT,Malta,2009-Q2,7.1
MT,Malta,2009-Q3,6.8
MT,Malta,2009-Q4,7.1
MT,Malta,2010-Q1,7
MT,Malta,2010-Q2,6.6
MT,Malta,2010-Q3,6.7
MT,Malta,2010-Q4,7.1
MT,Malta,2011-Q1,6.6
MT,Malta,2011-Q2,6.6
MT,Malta,2011-Q3,5.9
MT,Malta,2011-Q4,6.5
MT,Malta,2012-Q1,6.2
MT,Malta,2012-Q2,6.2
MT,Malta,2012-Q3,6.3
MT,Malta,2012-Q4,6.1
MT,Malta,2013-Q1,5.8
MT,Malta,2013-Q2,6.3
MT,Malta,2013-Q3,6.3
MT,Malta,2013-Q4,6.1
MT,Malta,2014-Q1,5.7
MT,Malta,2014-Q2,5.8
MT,Malta,2014-Q3,5.9
MT,Malta,2014-Q4,5.5
MT,Malta,2015-Q1,5.4
MT,Malta,2015-Q2,5.5
MT,Malta,2015-Q3,5.2
MT,Malta,2015-Q4,5.4
MT,Malta,2016-Q1,5.3
MT,Malta,2016-Q2,4.9
MT,Malta,2016-Q3,4.4
MT,Malta,2016-Q4,4.3
MT,Malta,2017-Q1,4.1
MT,Malta,2017-Q2,3.9
MT,Malta,2017-Q3,4
MT,Malta,2017-Q4,4
MT,Malta,2018-Q1,4.3
MT,Malta,2018-Q2,4
MT,Malta,2018-Q3,3.7
MT,Malta,2018-Q4,3.8
MT,Malta,2019-Q1,4.2
MT,Malta,2019-Q2,3.9
MT,Malta,2019-Q3,4.2
MT,Malta,2019-Q4,4
MT,Malta,2020-Q1,3.9
MT,Malta,2020-Q2,4.9
MT,Malta,2020-Q3,5.5
MT,Malta,2020-Q4,5.1
MT,Malta,2021-Q1,4.2
MT,Malta,2021-Q2,3.8
MT,Malta,2021-Q3,3.8
MT,Malta,2021-Q4,3.3
MT,Malta,2022-Q1,3.5
MT,Malta,2022-Q2,3.7
MT,Malta,2022-Q3,3.4
MT,Malta,2022-Q4,3.2
MT,Malta,2023-Q1,3.3
MT,Malta,2023-Q2,3.8
MT,Malta,2023-Q3,3.7
MT,Malta,2023-Q4,3.1
MT,Malta,2024-Q1,3.3
MT,Malta,2024-Q2,3.2
MT,Malta,2024-Q3,3.1
MT,Malta,2024-Q4,2.9
NL,Netherlands,1998-Q2,4.4
NL,Netherlands,1999-Q2,3.6
NL,Netherlands,2000-Q1,3.3
NL,Netherlands,2000-Q2,2.7
NL,Netherlands,2000-Q3,2.9
NL,Netherlands,2000-Q4,2.9
NL,Netherlands,2001-Q1,2.6
NL,Netherlands,2001-Q2,2.1
NL,Netherlands,2001-Q3,2.1
NL,Netherlands,2001-Q4,2.2
NL,Netherlands,2002-Q1,2.8
NL,Netherlands,2002-Q2,2.6
NL,Netherlands,2002-Q3,2.7
NL,Netherlands,2002-Q4,2.9
NL,Netherlands,2003-Q1,3.7
NL,Netherlands,2003-Q2,3.6
NL,Netherlands,2003-Q3,3.6
NL,Netherlands,2003-Q4,3.9
NL,Netherlands,2004-Q1,4.8
NL,Netherlands,2004-Q2,4.7
NL,Netherlands,2004-Q3,4.2
NL,Netherlands,2004-Q4,4.6
NL,Netherlands,2005-Q1,6.4
NL,Netherlands,2005-Q2,6
NL,Netherlands,2005-Q3,5.6
NL,Netherlands,2005-Q4,5.6
NL,Netherlands,2006-Q1,5.8
NL,Netherlands,2006-Q2,5.1
NL,Netherlands,2006-Q3,4.6
NL,Netherlands,2006-Q4,4.6
NL,Netherlands,2007-Q1,4.8
NL,Netherlands,2007-Q2,4.1
NL,Netherlands,2007-Q3,3.8
NL,Netherlands,2007-Q4,3.8
NL,Netherlands,2008-Q1,4.1
NL,Netherlands,2008-Q2,3.7
NL,Netherlands,2008-Q3,3.4
NL,Netherlands,2008-Q4,3.5
NL,Netherlands,2009-Q1,4.2
NL,Netherlands,2009-Q2,4.2
NL,Netherlands,2009-Q3,4.3
NL,Netherlands,2009-Q4,4.8
NL,Netherlands,2010-Q1,5.4
NL,Netherlands,2010-Q2,5
NL,Netherlands,2010-Q3,4.8
NL,Netherlands,2010-Q4,4.8
NL,Netherlands,2011-Q1,5.2
NL,Netherlands,2011-Q2,4.8
NL,Netherlands,2011-Q3,4.7
NL,Netherlands,2011-Q4,5.2
NL,Netherlands,2012-Q1,5.8
NL,Netherlands,2012-Q2,5.7
NL,Netherlands,2012-Q3,5.7
NL,Netherlands,2012-Q4,6.2
NL,Netherlands,2013-Q1,7.1
NL,Netherlands,2013-Q2,7.1
NL,Netherlands,2013-Q3,7.3
NL,Netherlands,2013-Q4,7.5
NL,Netherlands,2014-Q1,8.1
NL,Netherlands,2014-Q2,7.5
NL,Netherlands,2014-Q3,7
NL,Netherlands,2014-Q4,7.1
NL,Netherlands,2015-Q1,7.5
NL,Netherlands,2015-Q2,6.9
NL,Netherlands,2015-Q3,6.6
NL,Netherlands,2015-Q4,6.6
NL,Netherlands,2016-Q1,6.8
NL,Netherlands,2016-Q2,6.2
NL,Netherlands,2016-Q3,5.6
NL,Netherlands,2016-Q4,5.4
NL,Netherlands,2017-Q1,5.6
NL,Netherlands,2017-Q2,5
NL,Netherlands,2017-Q3,4.5
NL,Netherlands,2017-Q4,4.3
NL,Netherlands,2018-Q1,4.4
NL,Netherlands,2018-Q2,3.9
NL,Netherlands,2018-Q3,3.6
NL,Netherlands,2018-Q4,3.5
NL,Netherlands,2019-Q1,3.7
NL,Netherlands,2019-Q2,3.3
NL,Netherlands,2019-Q3,3.2
NL,Netherlands,2019-Q4,3.3
NL,Netherlands,2020-Q1,3.3
NL,Netherlands,2020-Q2,3.8
NL,Netherlands,2020-Q3,4.3
NL,Netherlands,2020-Q4,4
NL,Netherlands,2021-Q1,4.8
NL,Netherlands,2021-Q2,4.3
NL,Netherlands,2021-Q3,4
NL,Netherlands,2021-Q4,3.7
NL,Netherlands,2022-Q1,3.6
NL,Netherlands,2022-Q2,3.3
NL,Netherlands,2022-Q3,3.7
NL,Netherlands,2022-Q4,3.5
NL,Netherlands,2023-Q1,3.7
NL,Netherlands,2023-Q2,3.4
NL,Netherlands,2023-Q3,3.6
NL,Netherlands,2023-Q4,3.4
NL,Netherlands,2024-Q1,3.8
NL,Netherlands,2024-Q2,3.6
NL,Netherlands,2024-Q3,3.7
NL,Netherlands,2024-Q4,3.6
NO,Norway,1998-Q2,3.7
NO,Norway,1999-Q2,3.2
NO,Norway,2000-Q1,3.5
NO,Norway,2000-Q2,3.5
NO,Norway,2000-Q3,3.4
NO,Norway,2000-Q4,2.9
NO,Norway,2001-Q1,3.4
NO,Norway,2001-Q2,3.7
NO,Norway,2001-Q3,3.6
NO,Norway,2001-Q4,3.2
NO,Norway,2002-Q1,3.9
NO,Norway,2002-Q2,4
NO,Norway,2002-Q3,3.7
NO,Norway,2002-Q4,3.4
NO,Norway,2003-Q1,3.9
NO,Norway,2003-Q2,4.2
NO,Norway,2003-Q3,4.3
NO,Norway,2003-Q4,3.8
NO,Norway,2004-Q1,4.1
NO,Norway,2004-Q2,4.3
NO,Norway,2004-Q3,4.5
NO,Norway,2004-Q4,3.9
NO,Norway,2005-Q1,4.4
NO,Norway,2005-Q2,4.6
NO,Norway,2005-Q3,4.6
NO,Norway,2005-Q4,3.9
NO,Norway,2006-Q1,3.9
NO,Norway,2006-Q2,3.9
NO,Norway,2006-Q3,3.3
NO,Norway,2006-Q4,2.5
NO,Norway,2007-Q1,2.7
NO,Norway,2007-Q2,2.7
NO,Norway,2007-Q3,2.5
NO,Norway,2007-Q4,2.1
NO,Norway,2008-Q1,2.5
NO,Norway,2008-Q2,2.7
NO,Norway,2008-Q3,2.5
NO,Norway,2008-Q4,2.5
NO,Norway,2009-Q1,3
NO,Norway,2009-Q2,3.3
NO,Norway,2009-Q3,3.2
NO,Norway,2009-Q4,2.9
NO,Norway,2010-Q1,3.6
NO,Norway,2010-Q2,3.8
NO,Norway,2010-Q3,3.4
NO,Norway,2010-Q4,3.2
NO,Norway,2011-Q1,3.2
NO,Norway,2011-Q2,3.5
NO,Norway,2011-Q3,3.1
NO,Norway,2011-Q4,3
NO,Norway,2012-Q1,3.2
NO,Norway,2012-Q2,3.2
NO,Norway,2012-Q3,3
NO,Norway,2012-Q4,3.1
NO,Norway,2013-Q1,3.5
NO,Norway,2013-Q2,3.6
NO,Norway,2013-Q3,3.4
NO,Norway,2013-Q4,3.2
NO,Norway,2014-Q1,3.5
NO,Norway,2014-Q2,3.3
NO,Norway,2014-Q3,3.6
NO,Norway,2014-Q4,3.4
NO,Norway,2015-Q1,4.2
NO,Norway,2015-Q2,4.3
NO,Norway,2015-Q3,4.4
NO,Norway,2015-Q4,4.2
NO,Norway,2016-Q1,4.8
NO,Norway,2016-Q2,4.8
NO,Norway,2016-Q3,4.8
NO,Norway,2016-Q4,4.3
NO,Norway,2017-Q1,4.5
NO,Norway,2017-Q2,4.4
NO,Norway,2017-Q3,4.1
NO,Norway,2017-Q4,3.7
NO,Norway,2018-Q1,3.9
NO,Norway,2018-Q2,3.8
NO,Norway,2018-Q3,4
NO,Norway,2018-Q4,3.5
NO,Norway,2019-Q1,3.8
NO,Norway,2019-Q2,3.4
NO,Norway,2019-Q3,3.8
NO,Norway,2019-Q4,3.7
NO,Norway,2020-Q1,3.6
NO,Norway,2020-Q2,4.4
NO,Norway,2020-Q3,5
NO,Norway,2020-Q4,4.6
NO,Norway,2021-Q1,5
NO,Norway,2021-Q2,5.1
NO,Norway,2021-Q3,4.2
NO,Norway,2021-Q4,3.4
NO,Norway,2022-Q1,3.3
NO,Norway,2022-Q2,3.3
NO,Norway,2022-Q3,3.2
NO,Norway,2022-Q4,3.1
NO,Norway,2023-Q1,3.7
NO,Norway,2023-Q2,3.5
NO,Norway,2023-Q3,3.6
NO,Norway,2023-Q4,3.5
NO,Norway,2024-Q1,4
NO,Norway,2024-Q2,4.3
NO,Norway,2024-Q3,3.9
NO,Norway,2024-Q4,3.8
PL,Poland,1998-Q2,10
PL,Poland,1999-Q1,12.3
PL,Poland,2000-Q1,16.8
PL,Poland,2000-Q2,16.4
PL,Poland,2000-Q3,15.4
PL,Poland,2000-Q4,16
PL,Poland,2001-Q1,18.3
PL,Poland,2001-Q2,18.4
PL,Poland,2001-Q3,17.9
PL,Poland,2001-Q4,18.5
PL,Poland,2002-Q1,20.3
PL,Poland,2002-Q2,20
PL,Poland,2002-Q3,19.9
PL,Poland,2002-Q4,19.8
PL,Poland,2003-Q1,20.6
PL,Poland,2003-Q2,19.4
PL,Poland,2003-Q3,19.4
PL,Poland,2003-Q4,19.3
PL,Poland,2004-Q1,20.7
PL,Poland,2004-Q2,19.1
PL,Poland,2004-Q3,18.2
PL,Poland,2004-Q4,18
PL,Poland,2005-Q1,18.9
PL,Poland,2005-Q2,18.1
PL,Poland,2005-Q3,17.4
PL,Poland,2005-Q4,16.8
PL,Poland,2006-Q1,16.1
PL,Poland,2006-Q2,14.1
PL,Poland,2006-Q3,13.1
PL,Poland,2006-Q4,12.2
PL,Poland,2007-Q1,11.3
PL,Poland,2007-Q2,9.6
PL,Poland,2007-Q3,9
PL,Poland,2007-Q4,8.5
PL,Poland,2008-Q1,8.1
PL,Poland,2008-Q2,7.1
PL,Poland,2008-Q3,6.6
PL,Poland,2008-Q4,6.7
PL,Poland,2009-Q1,8.3
PL,Poland,2009-Q2,7.9
PL,Poland,2009-Q3,8.1
PL,Poland,2009-Q4,8.5
PL,Poland,2010-Q1,10.6
PL,Poland,2010-Q2,9.6
PL,Poland,2010-Q3,9.2
PL,Poland,2010-Q4,9.3
PL,Poland,2011-Q1,10.1
PL,Poland,2011-Q2,9.5
PL,Poland,2011-Q3,9.3
PL,Poland,2011-Q4,9.8
PL,Poland,2012-Q1,10.5
PL,Poland,2012-Q2,9.9
PL,Poland,2012-Q3,9.9
PL,Poland,2012-Q4,10.1
PL,Poland,2013-Q1,11.3
PL,Poland,2013-Q2,10.5
PL,Poland,2013-Q3,9.8
PL,Poland,2013-Q4,9.8
PL,Poland,2014-Q1,10.6
PL,Poland,2014-Q2,9.1
PL,Poland,2014-Q3,8.2
PL,Poland,2014-Q4,8.1
PL,Poland,2015-Q1,8.6
PL,Poland,2015-Q2,7.4
PL,Poland,2015-Q3,7.1
PL,Poland,2015-Q4,6.9
PL,Poland,2016-Q1,7
PL,Poland,2016-Q2,6.2
PL,Poland,2016-Q3,5.9
PL,Poland,2016-Q4,5.6
PL,Poland,2017-Q1,5.4
PL,Poland,2017-Q2,5
PL,Poland,2017-Q3,4.7
PL,Poland,2017-Q4,4.5
PL,Poland,2018-Q1,4.2
PL,Poland,2018-Q2,3.6
PL,Poland,2018-Q3,3.8
PL,Poland,2018-Q4,3.8
PL,Poland,2019-Q1,3.9
PL,Poland,2019-Q2,3.2
PL,Poland,2019-Q3,3.1
PL,Poland,2019-Q4,2.9
PL,Poland,2020-Q1,3.1
PL,Poland,2020-Q2,3.1
PL,Poland,2020-Q3,3.3
PL,Poland,2020-Q4,3.1
PL,Poland,2021-Q1,4
PL,Poland,2021-Q2,3.5
PL,Poland,2021-Q3,3.1
PL,Poland,2021-Q4,2.9
PL,Poland,2022-Q1,3.1
PL,Poland,2022-Q2,2.6
PL,Poland,2022-Q3,2.9
PL,Poland,2022-Q4,2.9
PL,Poland,2023-Q1,2.9
PL,Poland,2023-Q2,2.6
PL,Poland,2023-Q3,2.7
PL,Poland,2023-Q4,3.1
PL,Poland,2024-Q1,3.2
PL,Poland,2024-Q2,2.7
PL,Poland,2024-Q3,2.9
PL,Poland,2024-Q4,2.8
PT,Portugal,1998-Q1,6
PT,Portugal,1998-Q2,4.7
PT,Portugal,1998-Q3,4.8
PT,Portugal,1998-Q4,4.9
PT,Portugal,1999-Q1,4.9
PT,Portugal,1999-Q2,4.6
PT,Portugal,1999-Q3,4.4
PT,Portugal,1999-Q4,4.4
PT,Portugal,2000-Q1,4.5
PT,Portugal,2000-Q2,3.9
PT,Portugal,2000-Q3,4.1
PT,Portugal,2000-Q4,3.8
PT,Portugal,2001-Q1,4.2
PT,Portugal,2001-Q2,3.9
PT,Portugal,2001-Q3,4
PT,Portugal,2001-Q4,4.2
PT,Portugal,2002-Q1,4.4
PT,Portugal,2002-Q2,4.6
PT,Portugal,2002-Q3,5.1
PT,Portugal,2002-Q4,6.2
PT,Portugal,2003-Q1,6.4
PT,Portugal,2003-Q2,6.2
PT,Portugal,2003-Q3,6.2
PT,Portugal,2003-Q4,6.6
PT,Portugal,2004-Q1,6.4
PT,Portugal,2004-Q2,6.4
PT,Portugal,2004-Q3,6.9
PT,Portugal,2004-Q4,7.1
PT,Portugal,2005-Q1,7.6
PT,Portugal,2005-Q2,7.3
PT,Portugal,2005-Q3,7.8
PT,Portugal,2005-Q4,8.1
PT,Portugal,2006-Q1,7.8
PT,Portugal,2006-Q2,7.4
PT,Portugal,2006-Q3,7.6
PT,Portugal,2006-Q4,8.3
PT,Portugal,2007-Q1,8.5
PT,Portugal,2007-Q2,8
PT,Portugal,2007-Q3,8
PT,Portugal,2007-Q4,7.9
PT,Portugal,2008-Q1,7.7
PT,Portugal,2008-Q2,7.4
PT,Portugal,2008-Q3,7.8
PT,Portugal,2008-Q4,7.9
PT,Portugal,2009-Q1,9
PT,Portugal,2009-Q2,9.2
PT,Portugal,2009-Q3,10
PT,Portugal,2009-Q4,10.2
PT,Portugal,2010-Q1,10.7
PT,Portugal,2010-Q2,10.8
PT,Portugal,2010-Q3,11.1
PT,Portugal,2010-Q4,11.3
PT,Portugal,2011-Q1,12.6
PT,Portugal,2011-Q2,12.3
PT,Portugal,2011-Q3,12.7
PT,Portugal,2011-Q4,14.1
PT,Portugal,2012-Q1,15.1
PT,Portugal,2012-Q2,15.1
PT,Portugal,2012-Q3,15.9
PT,Portugal,2012-Q4,17
PT,Portugal,2013-Q1,17.9
PT,Portugal,2013-Q2,16.8
PT,Portugal,2013-Q3,15.9
PT,Portugal,2013-Q4,15.5
PT,Portugal,2014-Q1,15.3
PT,Portugal,2014-Q2,14.1
PT,Portugal,2014-Q3,13.3
PT,Portugal,2014-Q4,13.6
PT,Portugal,2015-Q1,13.9
PT,Portugal,2015-Q2,12.1
PT,Portugal,2015-Q3,12
PT,Portugal,2015-Q4,12.3
PT,Portugal,2016-Q1,12.6
PT,Portugal,2016-Q2,10.9
PT,Portugal,2016-Q3,10.7
PT,Portugal,2016-Q4,10.6
PT,Portugal,2017-Q1,10.2
PT,Portugal,2017-Q2,8.9
PT,Portugal,2017-Q3,8.6
PT,Portugal,2017-Q4,8.2
PT,Portugal,2018-Q1,7.9
PT,Portugal,2018-Q2,6.8
PT,Portugal,2018-Q3,6.8
PT,Portugal,2018-Q4,6.7
PT,Portugal,2019-Q1,6.8
PT,Portugal,2019-Q2,6.3
PT,Portugal,2019-Q3,6.2
PT,Portugal,2019-Q4,6.8
PT,Portugal,2020-Q1,6.8
PT,Portugal,2020-Q2,5.6
PT,Portugal,2020-Q3,8.1
PT,Portugal,2020-Q4,7.2
PT,Portugal,2021-Q1,7.2
PT,Portugal,2021-Q2,7
PT,Portugal,2021-Q3,6.4
PT,Portugal,2021-Q4,6.4
PT,Portugal,2022-Q1,6.1
PT,Portugal,2022-Q2,6
PT,Portugal,2022-Q3,5.9
PT,Portugal,2022-Q4,6.7
PT,Portugal,2023-Q1,7.2
PT,Portugal,2023-Q2,6.2
PT,Portugal,2023-Q3,6.1
PT,Portugal,2023-Q4,6.6
PT,Portugal,2024-Q1,6.8
PT,Portugal,2024-Q2,6.1
PT,Portugal,2024-Q3,6.1
PT,Portugal,2024-Q4,6.7
RO,Romania,1998-Q2,5.7
RO,Romania,1999-Q1,8.4
RO,Romania,1999-Q2,6.4
RO,Romania,1999-Q3,6.1
RO,Romania,1999-Q4,7.5
RO,Romania,2000-Q1,8.6
RO,Romania,2000-Q2,7.1
RO,Romania,2000-Q3,6.6
RO,Romania,2000-Q4,7
RO,Romania,2001-Q1,7.9
RO,Romania,2001-Q2,6.7
RO,Romania,2001-Q3,5.8
RO,Romania,2001-Q4,6.6
RO,Romania,2002-Q1,10.3
RO,Romania,2002-Q2,8.3
RO,Romania,2002-Q3,7.7
RO,Romania,2002-Q4,8.2
RO,Romania,2003-Q1,8.2
RO,Romania,2003-Q2,6.9
RO,Romania,2003-Q3,6.3
RO,Romania,2003-Q4,6.8
RO,Romania,2004-Q1,8.9
RO,Romania,2004-Q2,7.7
RO,Romania,2004-Q3,7.6
RO,Romania,2004-Q4,8.1
RO,Romania,2005-Q1,8.5
RO,Romania,2005-Q2,7.2
RO,Romania,2005-Q3,6.2
RO,Romania,2005-Q4,6.8
RO,Romania,2006-Q1,7.8
RO,Romania,2006-Q2,7
RO,Romania,2006-Q3,7
RO,Romania,2006-Q4,7.2
RO,Romania,2007-Q1,7
RO,Romania,2007-Q2,6.5
RO,Romania,2007-Q3,6
RO,Romania,2007-Q4,6.1
RO,Romania,2008-Q1,6.3
RO,Romania,2008-Q2,5.6
RO,Romania,2008-Q3,5.4
RO,Romania,2008-Q4,5.8
RO,Romania,2009-Q1,6.9
RO,Romania,2009-Q2,6.3
RO,Romania,2009-Q3,6.8
RO,Romania,2009-Q4,7.5
RO,Romania,2010-Q1,7.8
RO,Romania,2010-Q2,6.5
RO,Romania,2010-Q3,6.6
RO,Romania,2010-Q4,7
RO,Romania,2011-Q1,7.3
RO,Romania,2011-Q2,6.9
RO,Romania,2011-Q3,7
RO,Romania,2011-Q4,7.4
RO,Romania,2012-Q1,7.3
RO,Romania,2012-Q2,6.7
RO,Romania,2012-Q3,6.6
RO,Romania,2012-Q4,6.6
RO,Romania,2013-Q1,7.3
RO,Romania,2013-Q2,7.3
RO,Romania,2013-Q3,6.7
RO,Romania,2013-Q4,7.1
RO,Romania,2014-Q1,7.2
RO,Romania,2014-Q2,6.7
RO,Romania,2014-Q3,6.5
RO,Romania,2014-Q4,6.7
RO,Romania,2015-Q1,7.4
RO,Romania,2015-Q2,6.7
RO,Romania,2015-Q3,6.5
RO,Romania,2015-Q4,6.6
RO,Romania,2016-Q1,6.6
RO,Romania,2016-Q2,5.9
RO,Romania,2016-Q3,5.7
RO,Romania,2016-Q4,5.5
RO,Romania,2017-Q1,5.5
RO,Romania,2017-Q2,4.8
RO,Romania,2017-Q3,4.7
RO,Romania,2017-Q4,4.7
RO,Romania,2018-Q1,4.7
RO,Romania,2018-Q2,4.1
RO,Romania,2018-Q3,3.9
RO,Romania,2018-Q4,4.1
RO,Romania,2019-Q1,4.1
RO,Romania,2019-Q2,3.8
RO,Romania,2019-Q3,3.8
RO,Romania,2019-Q4,3.9
RO,Romania,2020-Q1,4.3
RO,Romania,2020-Q2,5.4
RO,Romania,2020-Q3,5.2
RO,Romania,2020-Q4,5.2
RO,Romania,2021-Q1,6.1
RO,Romania,2021-Q2,5.1
RO,Romania,2021-Q3,5.3
RO,Romania,2021-Q4,5.9
RO,Romania,2022-Q1,6
RO,Romania,2022-Q2,5.3
RO,Romania,2022-Q3,5.4
RO,Romania,2022-Q4,5.8
RO,Romania,2023-Q1,5.8
RO,Romania,2023-Q2,5.4
RO,Romania,2023-Q3,5.4
RO,Romania,2023-Q4,5.8
RO,Romania,2024-Q1,5.3
RO,Romania,2024-Q2,5
RO,Romania,2024-Q3,5.6
RO,Romania,2024-Q4,5.9
RS,Serbia,2010-Q2,19.3
RS,Serbia,2010-Q4,19.4
RS,Serbia,2011-Q2,22.3
RS,Serbia,2011-Q4,23.8
RS,Serbia,2012-Q2,25.6
RS,Serbia,2012-Q4,22.7
RS,Serbia,2013-Q2,24.3
RS,Serbia,2013-Q4,20.4
RS,Serbia,2014-Q1,21.4
RS,Serbia,2014-Q2,20.8
RS,Serbia,2014-Q3,18
RS,Serbia,2014-Q4,17.1
RS,Serbia,2015-Q1,19.1
RS,Serbia,2015-Q2,17.4
RS,Serbia,2015-Q3,16.7
RS,Serbia,2015-Q4,17.8
RS,Serbia,2016-Q1,19.1
RS,Serbia,2016-Q2,15.4
RS,Serbia,2016-Q3,14
RS,Serbia,2016-Q4,13.2
RS,Serbia,2017-Q1,14.7
RS,Serbia,2017-Q2,11.9
RS,Serbia,2017-Q3,13.1
RS,Serbia,2017-Q4,14.8
RS,Serbia,2018-Q1,15
RS,Serbia,2018-Q2,12
RS,Serbia,2018-Q3,11.4
RS,Serbia,2018-Q4,13
RS,Serbia,2019-Q1,12.2
RS,Serbia,2019-Q2,10.4
RS,Serbia,2019-Q3,9.6
RS,Serbia,2019-Q4,9.8
RS,Serbia,2020-Q1,9.8
RS,Serbia,2020-Q2,7.3
RS,Serbia,2020-Q3,9.1
RS,Serbia,2020-Q4,10
RS,Serbia,2021-Q1,12.8
RS,Serbia,2021-Q2,11.3
RS,Serbia,2021-Q3,10.7
RS,Serbia,2021-Q4,9.9
RS,Serbia,2022-Q1,10.9
RS,Serbia,2022-Q2,8.9
RS,Serbia,2022-Q3,9
RS,Serbia,2022-Q4,9.4
RS,Serbia,2023-Q1,10.1
RS,Serbia,2023-Q2,9.6
RS,Serbia,2023-Q3,9
RS,Serbia,2023-Q4,9.2
RS,Serbia,2024-Q1,9.5
RS,Serbia,2024-Q2,8.2
RS,Serbia,2024-Q3,8.1
RS,Serbia,2024-Q4,8.7
SE,Sweden,1998-Q2,8.9
SE,Sweden,1999-Q2,7.6
SE,Sweden,2000-Q2,5.5
SE,Sweden,2001-Q1,5.3
SE,Sweden,2001-Q2,4.7
SE,Sweden,2001-Q3,4.7
SE,Sweden,2001-Q4,4.7
SE,Sweden,2002-Q1,5.4
SE,Sweden,2002-Q2,5
SE,Sweden,2002-Q3,5
SE,Sweden,2002-Q4,5
SE,Sweden,2003-Q1,5.8
SE,Sweden,2003-Q2,5.6
SE,Sweden,2003-Q3,5.5
SE,Sweden,2003-Q4,5.8
SE,Sweden,2004-Q1,6.9
SE,Sweden,2004-Q2,6.7
SE,Sweden,2004-Q3,6.3
SE,Sweden,2004-Q4,6.2
SE,Sweden,2005-Q1,6.8
SE,Sweden,2005-Q2,8.7
SE,Sweden,2005-Q3,7.3
SE,Sweden,2005-Q4,7.1
SE,Sweden,2006-Q1,7.9
SE,Sweden,2006-Q2,8
SE,Sweden,2006-Q3,6.3
SE,Sweden,2006-Q4,6
SE,Sweden,2007-Q1,6.8
SE,Sweden,2007-Q2,6.9
SE,Sweden,2007-Q3,5.5
SE,Sweden,2007-Q4,5.5
SE,Sweden,2008-Q1,6.3
SE,Sweden,2008-Q2,6.8
SE,Sweden,2008-Q3,5.7
SE,Sweden,2008-Q4,6.2
SE,Sweden,2009-Q1,7.9
SE,Sweden,2009-Q2,9.2
SE,Sweden,2009-Q3,8.1
SE,Sweden,2009-Q4,8.3
SE,Sweden,2010-Q1,9.4
SE,Sweden,2010-Q2,9.5
SE,Sweden,2010-Q3,8
SE,Sweden,2010-Q4,7.6
SE,Sweden,2011-Q1,8.3
SE,Sweden,2011-Q2,8.6
SE,Sweden,2011-Q3,7.1
SE,Sweden,2011-Q4,7.2
SE,Sweden,2012-Q1,8.2
SE,Sweden,2012-Q2,8.6
SE,Sweden,2012-Q3,7.5
SE,Sweden,2012-Q4,7.6
SE,Sweden,2013-Q1,8.6
SE,Sweden,2013-Q2,8.8
SE,Sweden,2013-Q3,7.4
SE,Sweden,2013-Q4,7.5
SE,Sweden,2014-Q1,8.6
SE,Sweden,2014-Q2,8.7
SE,Sweden,2014-Q3,7.2
SE,Sweden,2014-Q4,7.3
SE,Sweden,2015-Q1,8.3
SE,Sweden,2015-Q2,8.3
SE,Sweden,2015-Q3,6.6
SE,Sweden,2015-Q4,6.6
SE,Sweden,2016-Q1,7.7
SE,Sweden,2016-Q2,7.5
SE,Sweden,2016-Q3,6.3
SE,Sweden,2016-Q4,6.4
SE,Sweden,2017-Q1,7.2
SE,Sweden,2017-Q2,7.3
SE,Sweden,2017-Q3,6.3
SE,Sweden,2017-Q4,6.1
SE,Sweden,2018-Q1,6.7
SE,Sweden,2018-Q2,6.9
SE,Sweden,2018-Q3,6
SE,Sweden,2018-Q4,5.9
SE,Sweden,2019-Q1,7.3
SE,Sweden,2019-Q2,7.1
SE,Sweden,2019-Q3,6.6
SE,Sweden,2019-Q4,6.3
SE,Sweden,2020-Q1,7.6
SE,Sweden,2020-Q2,9.1
SE,Sweden,2020-Q3,8.6
SE,Sweden,2020-Q4,7.9
SE,Sweden,2021-Q1,9.8
SE,Sweden,2021-Q2,10
SE,Sweden,2021-Q3,8.3
SE,Sweden,2021-Q4,7.6
SE,Sweden,2022-Q1,8.2
SE,Sweden,2022-Q2,8.5
SE,Sweden,2022-Q3,6.5
SE,Sweden,2022-Q4,6.8
SE,Sweden,2023-Q1,7.8
SE,Sweden,2023-Q2,8.3
SE,Sweden,2023-Q3,7.2
SE,Sweden,2023-Q4,7.4
SE,Sweden,2024-Q1,8.8
SE,Sweden,2024-Q2,9.1
SE,Sweden,2024-Q3,8
SE,Sweden,2024-Q4,7.8
SI,Slovenia,1998-Q2,7.4
SI,Slovenia,1999-Q1,7.5
SI,Slovenia,1999-Q2,7.4
SI,Slovenia,1999-Q3,7.4
SI,Slovenia,1999-Q4,7.5
SI,Slovenia,2000-Q1,7.1
SI,Slovenia,2000-Q2,6.9
SI,Slovenia,2000-Q3,6.6
SI,Slovenia,2000-Q4,6.4
SI,Slovenia,2001-Q1,6.4
SI,Slovenia,2001-Q2,5.7
SI,Slovenia,2001-Q3,5.8
SI,Slovenia,2001-Q4,6.9
SI,Slovenia,2002-Q1,6.9
SI,Slovenia,2002-Q2,6
SI,Slovenia,2002-Q3,6
SI,Slovenia,2002-Q4,6.5
SI,Slovenia,2003-Q1,7
SI,Slovenia,2003-Q2,6.5
SI,Slovenia,2003-Q3,6.6
SI,Slovenia,2003-Q4,6.7
SI,Slovenia,2004-Q1,6.8
SI,Slovenia,2004-Q2,6
SI,Slovenia,2004-Q3,5.9
SI,Slovenia,2004-Q4,6.5
SI,Slovenia,2005-Q1,6.8
SI,Slovenia,2005-Q2,5.8
SI,Slovenia,2005-Q3,6.3
SI,Slovenia,2005-Q4,7.2
SI,Slovenia,2006-Q1,6.9
SI,Slovenia,2006-Q2,5.9
SI,Slovenia,2006-Q3,5.6
SI,Slovenia,2006-Q4,5.6
SI,Slovenia,2007-Q1,5.7
SI,Slovenia,2007-Q2,4.6
SI,Slovenia,2007-Q3,4.4
SI,Slovenia,2007-Q4,4.7
SI,Slovenia,2008-Q1,5.1
SI,Slovenia,2008-Q2,4.1
SI,Slovenia,2008-Q3,4.1
SI,Slovenia,2008-Q4,4.3
SI,Slovenia,2009-Q1,5.3
SI,Slovenia,2009-Q2,5.6
SI,Slovenia,2009-Q3,6.2
SI,Slovenia,2009-Q4,6.4
SI,Slovenia,2010-Q1,7.1
SI,Slovenia,2010-Q2,7.1
SI,Slovenia,2010-Q3,7.1
SI,Slovenia,2010-Q4,7.8
SI,Slovenia,2011-Q1,8.5
SI,Slovenia,2011-Q2,7.7
SI,Slovenia,2011-Q3,7.9
SI,Slovenia,2011-Q4,8.7
SI,Slovenia,2012-Q1,8.6
SI,Slovenia,2012-Q2,8.2
SI,Slovenia,2012-Q3,9.2
SI,Slovenia,2012-Q4,9.5
SI,Slovenia,2013-Q1,11.1
SI,Slovenia,2013-Q2,10.4
SI,Slovenia,2013-Q3,9.4
SI,Slovenia,2013-Q4,9.7
SI,Slovenia,2014-Q1,10.8
SI,Slovenia,2014-Q2,9.3
SI,Slovenia,2014-Q3,9.3
SI,Slovenia,2014-Q4,9.6
SI,Slovenia,2015-Q1,9.8
SI,Slovenia,2015-Q2,9.2
SI,Slovenia,2015-Q3,8.6
SI,Slovenia,2015-Q4,8.5
SI,Slovenia,2016-Q1,8.9
SI,Slovenia,2016-Q2,7.8
SI,Slovenia,2016-Q3,7.4
SI,Slovenia,2016-Q4,8.1
SI,Slovenia,2017-Q1,7.8
SI,Slovenia,2017-Q2,6.4
SI,Slovenia,2017-Q3,6.3
SI,Slovenia,2017-Q4,5.8
SI,Slovenia,2018-Q1,6
SI,Slovenia,2018-Q2,5.2
SI,Slovenia,2018-Q3,5
SI,Slovenia,2018-Q4,4.3
SI,Slovenia,2019-Q1,4.8
SI,Slovenia,2019-Q2,4.2
SI,Slovenia,2019-Q3,4.8
SI,Slovenia,2019-Q4,4
SI,Slovenia,2020-Q1,4.6
SI,Slovenia,2020-Q2,5.2
SI,Slovenia,2020-Q3,5.1
SI,Slovenia,2020-Q4,5.1
SI,Slovenia,2021-Q1,5.7
SI,Slovenia,2021-Q2,4.4
SI,Slovenia,2021-Q3,4.5
SI,Slovenia,2021-Q4,4.5
SI,Slovenia,2022-Q1,4.3
SI,Slovenia,2022-Q2,4.2
SI,Slovenia,2022-Q3,4
SI,Slovenia,2022-Q4,3.5
SI,Slovenia,2023-Q1,3.8
SI,Slovenia,2023-Q2,3.6
SI,Slovenia,2023-Q3,3.9
SI,Slovenia,2023-Q4,3.4
SI,Slovenia,2024-Q1,3.5
SI,Slovenia,2024-Q2,3.4
SI,Slovenia,2024-Q3,4.4
SI,Slovenia,2024-Q4,3.5
SK,Slovakia,1998-Q1,12.7
SK,Slovakia,1998-Q2,12.2
SK,Slovakia,1998-Q3,12.9
SK,Slovakia,1998-Q4,12.7
SK,Slovakia,1999-Q1,15.4
SK,Slovakia,1999-Q2,15.9
SK,Slovakia,1999-Q3,16.8
SK,Slovakia,1999-Q4,17.2
SK,Slovakia,2000-Q1,19.1
SK,Slovakia,2000-Q2,19.1
SK,Slovakia,2000-Q3,18.7
SK,Slovakia,2000-Q4,18.2
SK,Slovakia,2001-Q1,19.9
SK,Slovakia,2001-Q2,19.4
SK,Slovakia,2001-Q3,19.1
SK,Slovakia,2001-Q4,18.8
SK,Slovakia,2002-Q1,19.5
SK,Slovakia,2002-Q2,18.7
SK,Slovakia,2002-Q3,18.4
SK,Slovakia,2002-Q4,18.1
SK,Slovakia,2003-Q1,18.5
SK,Slovakia,2003-Q2,17.1
SK,Slovakia,2003-Q3,17.1
SK,Slovakia,2003-Q4,17.5
SK,Slovakia,2004-Q1,19.5
SK,Slovakia,2004-Q2,18.6
SK,Slovakia,2004-Q3,17.6
SK,Slovakia,2004-Q4,17.3
SK,Slovakia,2005-Q1,17.6
SK,Slovakia,2005-Q2,16.3
SK,Slovakia,2005-Q3,15.7
SK,Slovakia,2005-Q4,15.4
SK,Slovakia,2006-Q1,15
SK,Slovakia,2006-Q2,13.5
SK,Slovakia,2006-Q3,12.9
SK,Slovakia,2006-Q4,12.1
SK,Slovakia,2007-Q1,11.7
SK,Slovakia,2007-Q2,11.2
SK,Slovakia,2007-Q3,11.3
SK,Slovakia,2007-Q4,10.4
SK,Slovakia,2008-Q1,10.5
SK,Slovakia,2008-Q2,10
SK,Slovakia,2008-Q3,8.9
SK,Slovakia,2008-Q4,8.6
SK,Slovakia,2009-Q1,10.4
SK,Slovakia,2009-Q2,11.3
SK,Slovakia,2009-Q3,12.5
SK,Slovakia,2009-Q4,13.9
SK,Slovakia,2010-Q1,15.2
SK,Slovakia,2010-Q2,14.4
SK,Slovakia,2010-Q3,14.1
SK,Slovakia,2010-Q4,13.9
SK,Slovakia,2011-Q1,14
SK,Slovakia,2011-Q2,13.2
SK,Slovakia,2011-Q3,13.2
SK,Slovakia,2011-Q4,14.1
SK,Slovakia,2012-Q1,14.1
SK,Slovakia,2012-Q2,13.6
SK,Slovakia,2012-Q3,13.7
SK,Slovakia,2012-Q4,14.4
SK,Slovakia,2013-Q1,14.5
SK,Slovakia,2013-Q2,14
SK,Slovakia,2013-Q3,14.1
SK,Slovakia,2013-Q4,14.3
SK,Slovakia,2014-Q1,14.1
SK,Slovakia,2014-Q2,13.2
SK,Slovakia,2014-Q3,12.9
SK,Slovakia,2014-Q4,12.6
SK,Slovakia,2015-Q1,12.4
SK,Slovakia,2015-Q2,11.2
SK,Slovakia,2015-Q3,11.3
SK,Slovakia,2015-Q4,11
SK,Slovakia,2016-Q1,10.4
SK,Slovakia,2016-Q2,9.6
SK,Slovakia,2016-Q3,9.5
SK,Slovakia,2016-Q4,9.1
SK,Slovakia,2017-Q1,8.7
SK,Slovakia,2017-Q2,8.1
SK,Slovakia,2017-Q3,8
SK,Slovakia,2017-Q4,7.7
SK,Slovakia,2018-Q1,7.1
SK,Slovakia,2018-Q2,6.6
SK,Slovakia,2018-Q3,6.4
SK,Slovakia,2018-Q4,6.1
SK,Slovakia,2019-Q1,5.8
SK,Slovakia,2019-Q2,5.7
SK,Slovakia,2019-Q3,5.9
SK,Slovakia,2019-Q4,5.6
SK,Slovakia,2020-Q1,6
SK,Slovakia,2020-Q2,6.6
SK,Slovakia,2020-Q3,7.2
SK,Slovakia,2020-Q4,7
SK,Slovakia,2021-Q1,7.1
SK,Slovakia,2021-Q2,6.9
SK,Slovakia,2021-Q3,6.8
SK,Slovakia,2021-Q4,6.6
SK,Slovakia,2022-Q1,6.4
SK,Slovakia,2022-Q2,6.1
SK,Slovakia,2022-Q3,6
SK,Slovakia,2022-Q4,6.1
SK,Slovakia,2023-Q1,6.2
SK,Slovakia,2023-Q2,5.7
SK,Slovakia,2023-Q3,5.9
SK,Slovakia,2023-Q4,5.6
SK,Slovakia,2024-Q1,5.6
SK,Slovakia,2024-Q2,5.2
SK,Slovakia,2024-Q3,5.4
SK,Slovakia,2024-Q4,5.2
TR,Trkiye,2006-Q1,10.6
TR,Trkiye,2006-Q2,7.7
TR,Trkiye,2006-Q3,8.3
TR,Trkiye,2006-Q4,8.5
TR,Trkiye,2007-Q1,10
TR,Trkiye,2007-Q2,8.1
TR,Trkiye,2007-Q3,8.4
TR,Trkiye,2007-Q4,9.2
TR,Trkiye,2008-Q1,10.6
TR,Trkiye,2008-Q2,8.2
TR,Trkiye,2008-Q3,9.1
TR,Trkiye,2008-Q4,11.3
TR,Trkiye,2009-Q1,14.3
TR,Trkiye,2009-Q2,12.3
TR,Trkiye,2009-Q3,12.2
TR,Trkiye,2009-Q4,11.8
TR,Trkiye,2010-Q1,13
TR,Trkiye,2010-Q2,9.9
TR,Trkiye,2010-Q3,10.2
TR,Trkiye,2010-Q4,9.8
TR,Trkiye,2011-Q1,10.4
TR,Trkiye,2011-Q2,8.6
TR,Trkiye,2011-Q3,8.3
TR,Trkiye,2011-Q4,8.1
TR,Trkiye,2012-Q1,9.4
TR,Trkiye,2012-Q2,7.3
TR,Trkiye,2012-Q3,7.8
TR,Trkiye,2012-Q4,8.3
TR,Trkiye,2013-Q1,9.4
TR,Trkiye,2013-Q2,8
TR,Trkiye,2013-Q3,8.8
TR,Trkiye,2013-Q4,8.9
TR,Trkiye,2014-Q1,10.2
TR,Trkiye,2014-Q2,8.8
TR,Trkiye,2014-Q3,10
TR,Trkiye,2014-Q4,10.7
TR,Trkiye,2015-Q1,11.2
TR,Trkiye,2015-Q2,9.3
TR,Trkiye,2015-Q3,10.1
TR,Trkiye,2015-Q4,10.5
TR,Trkiye,2016-Q1,10.9
TR,Trkiye,2016-Q2,9.4
TR,Trkiye,2016-Q3,11.2
TR,Trkiye,2016-Q4,12
TR,Trkiye,2017-Q1,12.6
TR,Trkiye,2017-Q2,10.1
TR,Trkiye,2017-Q3,10.5
TR,Trkiye,2017-Q4,10.3
TR,Trkiye,2018-Q1,10.6
TR,Trkiye,2018-Q2,9.7
TR,Trkiye,2018-Q3,11.1
TR,Trkiye,2018-Q4,12.3
TR,Trkiye,2019-Q1,14.7
TR,Trkiye,2019-Q2,12.8
TR,Trkiye,2019-Q3,14
TR,Trkiye,2019-Q4,13.3
TR,Trkiye,2020-Q1,13.7
TR,Trkiye,2020-Q2,12.9
TR,Trkiye,2020-Q3,13.2
TR,Trkiye,2020-Q4,12.8
TR,Trkiye,2021-Q1,13.5
TR,Trkiye,2021-Q2,11.8
TR,Trkiye,2021-Q3,11.7
TR,Trkiye,2021-Q4,11
TR,Trkiye,2022-Q1,11.6
TR,Trkiye,2022-Q2,10.2
TR,Trkiye,2022-Q3,10.1
TR,Trkiye,2022-Q4,10.1
TR,Trkiye,2023-Q1,10.5
TR,Trkiye,2023-Q2,9.3
TR,Trkiye,2023-Q3,9.3
TR,Trkiye,2023-Q4,8.7
TR,Trkiye,2024-Q1,9.3
TR,Trkiye,2024-Q2,8.4
TR,Trkiye,2024-Q3,8.8
TR,Trkiye,2024-Q4,8.6
GB,United Kingdom,1998-Q2,6.2
GB,United Kingdom,1999-Q2,6.1
GB,United Kingdom,1999-Q3,6.2
GB,United Kingdom,1999-Q4,5.9
GB,United Kingdom,2000-Q1,5.8
GB,United Kingdom,2000-Q2,5.6
GB,United Kingdom,2000-Q3,5.6
GB,United Kingdom,2000-Q4,5.4
GB,United Kingdom,2001-Q1,5.1
GB,United Kingdom,2001-Q2,4.7
GB,United Kingdom,2001-Q3,5.2
GB,United Kingdom,2001-Q4,5.1
GB,United Kingdom,2002-Q1,5
GB,United Kingdom,2002-Q2,5
GB,United Kingdom,2002-Q3,5.3
GB,United Kingdom,2002-Q4,5.2
GB,United Kingdom,2003-Q1,5
GB,United Kingdom,2003-Q2,4.8
GB,United Kingdom,2003-Q3,5.2
GB,United Kingdom,2003-Q4,4.9
GB,United Kingdom,2004-Q1,4.7
GB,United Kingdom,2004-Q2,4.6
GB,United Kingdom,2004-Q3,4.8
GB,United Kingdom,2004-Q4,4.7
GB,United Kingdom,2005-Q1,4.6
GB,United Kingdom,2005-Q2,4.6
GB,United Kingdom,2005-Q3,4.8
GB,United Kingdom,2005-Q4,5.1
GB,United Kingdom,2006-Q1,5.2
GB,United Kingdom,2006-Q2,5.3
GB,United Kingdom,2006-Q3,5.6
GB,United Kingdom,2006-Q4,5.3
GB,United Kingdom,2007-Q1,5.5
GB,United Kingdom,2007-Q2,5.2
GB,United Kingdom,2007-Q3,5.5
GB,United Kingdom,2007-Q4,5
GB,United Kingdom,2008-Q1,5.1
GB,United Kingdom,2008-Q2,5.2
GB,United Kingdom,2008-Q3,6
GB,United Kingdom,2008-Q4,6.2
GB,United Kingdom,2009-Q1,7
GB,United Kingdom,2009-Q2,7.6
GB,United Kingdom,2009-Q3,8
GB,United Kingdom,2009-Q4,7.6
GB,United Kingdom,2010-Q1,7.9
GB,United Kingdom,2010-Q2,7.7
GB,United Kingdom,2010-Q3,7.9
GB,United Kingdom,2010-Q4,7.7
GB,United Kingdom,2011-Q1,7.7
GB,United Kingdom,2011-Q2,7.8
GB,United Kingdom,2011-Q3,8.5
GB,United Kingdom,2011-Q4,8.2
GB,United Kingdom,2012-Q1,8.2
GB,United Kingdom,2012-Q2,7.8
GB,United Kingdom,2012-Q3,8
GB,United Kingdom,2012-Q4,7.6
GB,United Kingdom,2013-Q1,7.8
GB,United Kingdom,2013-Q2,7.6
GB,United Kingdom,2013-Q3,7.8
GB,United Kingdom,2013-Q4,7
GB,United Kingdom,2014-Q1,6.7
GB,United Kingdom,2014-Q2,6.2
GB,United Kingdom,2014-Q3,6.1
GB,United Kingdom,2014-Q4,5.5
GB,United Kingdom,2015-Q1,5.5
GB,United Kingdom,2015-Q2,5.5
GB,United Kingdom,2015-Q3,5.5
GB,United Kingdom,2015-Q4,4.9
GB,United Kingdom,2016-Q1,5
GB,United Kingdom,2016-Q2,4.8
GB,United Kingdom,2016-Q3,5
GB,United Kingdom,2016-Q4,4.6
GB,United Kingdom,2017-Q1,4.5
GB,United Kingdom,2017-Q2,4.3
GB,United Kingdom,2017-Q3,4.4
GB,United Kingdom,2017-Q4,4.2
GB,United Kingdom,2018-Q1,4.2
GB,United Kingdom,2018-Q2,3.9
GB,United Kingdom,2018-Q3,4.2
GB,United Kingdom,2018-Q4,3.8
GB,United Kingdom,2019-Q1,3.7
GB,United Kingdom,2019-Q2,3.7
GB,United Kingdom,2019-Q3,3.9
GB,United Kingdom,2019-Q4,3.6
GB,United Kingdom,2020-Q1,3.9
GB,United Kingdom,2020-Q2,3.8
GB,United Kingdom,2020-Q3,4.9
